360,5,06-11-2011,2011-4,Kanban
360,4,06-09-2010,2010-3,Kanban
360,4,31-08-2010,2010-3,Kanban
360,2,27-08-2010,2010-3,Kanban
360,2,25-08-2010,2010-3,Kanban
360,1,30-08-2010,2010-3,Kanban
360,2,09-02-2011,2011-1,Kanban
360,6,08-02-2011,2011-1,Kanban
360,13,02-02-2011,2011-1,Kanban
360,8,04-02-2011,2011-1,Kanban
360,6,03-02-2011,2011-1,Kanban
360,4,07-02-2011,2011-1,Kanban
360,1,14-04-2011,2011-2,Kanban
360,2,19-04-2011,2011-2,Kanban
360,6,25-04-2011,2011-2,Kanban
360,4,15-04-2011,2011-2,Kanban
360,4,18-04-2011,2011-2,Kanban
360,6,26-04-2011,2011-2,Kanban
360,5,20-04-2011,2011-2,Kanban
360,1,01-04-2011,2011-2,Kanban
360,4,27-04-2011,2011-2,Kanban
360,1,25-03-2011,2011-1,Kanban
360,3,21-04-2011,2011-2,Kanban
360,4,05-04-2011,2011-2,Kanban
360,2,13-04-2011,2011-2,Kanban
360,3,04-04-2011,2011-2,Kanban
360,4,07-04-2011,2011-2,Kanban
360,4,28-04-2011,2011-2,Kanban
360,3,06-04-2011,2011-2,Kanban
360,3,12-04-2011,2011-2,Kanban
360,1,29-04-2011,2011-2,Kanban
360,3,02-05-2011,2011-2,Kanban
360,1,01-05-2011,2011-2,Kanban
360,8,04-05-2011,2011-2,Kanban
360,5,05-05-2011,2011-2,Kanban
360,1,03-05-2011,2011-2,Kanban
360,7,14-06-2011,2011-2, Kanban
360,2,15-06-2011,2011-2, Kanban
360,1,26-09-2011,2011-3, Kanban
360,1,16-06-2011,2011-2, Kanban
360,2,20-10-2011,2011-4, Kanban
360,15,28-10-2011,2011-4, Kanban
360,7,02-11-2011,2011-4, Kanban
360,3,21-10-2011,2011-4, Kanban
360,12,26-10-2011,2011-4, Kanban
360,2,27-10-2011,2011-4, Kanban
360,4,19-10-2011,2011-4, Kanban
360,4,03-11-2011,2011-4, Kanban
360,3,31-10-2011,2011-4, Kanban
360,2,24-10-2011,2011-4, Kanban
360,3,18-10-2011,2011-4, Kanban
360,18,05-11-2011,2011-4, Kanban
360,7,04-11-2011,2011-4, Kanban
360,7,17-01-2012,2012-1, Kanban
360,5,07-11-2011,2011-4, Kanban
360,10,25-01-2012,2012-1, Kanban
360,1,07-05-2012,2012-2, Kanban
360,7,23-01-2012,2012-1, Kanban
360,14,30-01-2012,2012-1, Kanban
360,7,27-01-2012,2012-1, Kanban
360,6,24-01-2012,2012-1, Kanban
360,12,31-01-2012,2012-1, Kanban
360,4,18-01-2012,2012-1, Kanban
360,10,16-01-2012,2012-1, Kanban
360,6,01-02-2012,2012-1, Kanban
360,4,26-01-2012,2012-1, Kanban
360,7,19-01-2012,2012-1, Kanban
360,5,20-01-2012,2012-1, Kanban
360,4,02-02-2012,2012-1, Kanban
360,1,15-02-2012,2012-1, Kanban
360,1,28-03-2012,2012-1, Kanban
360,9,20-06-2012,2012-2, Kanban
360,13,15-06-2012,2012-2, Kanban
360,14,18-06-2012,2012-2, Kanban
360,12,19-06-2012,2012-2, Kanban
360,2,16-06-2012,2012-2, Kanban
360,7,27-06-2012,2012-2, Kanban
360,9,26-06-2012,2012-2, Kanban
360,23,25-06-2012,2012-2, Kanban
360,6,21-06-2012,2012-2, Kanban
360,11,28-06-2012,2012-2, Kanban
360,15,29-06-2012,2012-2, Kanban
360,10,22-06-2012,2012-2, Kanban
360,12,02-07-2012,2012-3, Kanban
360,9,03-07-2012,2012-3, Kanban
360,10,17-09-2012,2012-3, Kanban
360,5,05-09-2012,2012-3, Kanban
360,4,07-08-2012,2012-3, Kanban
360,3,22-08-2012,2012-3, Kanban
360,4,06-08-2012,2012-3, Kanban
360,2,08-08-2012,2012-3, Kanban
360,2,03-09-2012,2012-3, Kanban
360,1,10-08-2012,2012-3, Kanban
360,2,27-08-2012,2012-3, Kanban
360,1,14-08-2012,2012-3, Kanban
360,1,18-09-2012,2012-3, Kanban
360,1,31-08-2012,2012-3, Kanban
360,8,26-09-2012,2012-3, Kanban
360,1,28-08-2012,2012-3, Kanban
360,1,23-08-2012,2012-3, Kanban
360,1,27-09-2012,2012-3, Kanban
360,21,12-12-2012,2012-4, Kanban
360,9,20-12-2012,2012-4, Kanban
360,2,24-08-2012,2012-3, Kanban
360,1,30-08-2012,2012-3, Kanban
360,1,13-09-2012,2012-3, Kanban
360,3,19-09-2012,2012-3, Kanban
360,1,12-10-2012,2012-4, Kanban
360,7,19-12-2012,2012-4, Kanban
360,12,18-12-2012,2012-4, Kanban
360,1,20-11-2012,2012-4, Kanban
360,1,29-11-2012,2012-4, Kanban
360,12,13-12-2012,2012-4, Kanban
360,15,14-12-2012,2012-4, Kanban
360,17,17-12-2012,2012-4, Kanban
360,6,21-12-2012,2012-4, Kanban
360,7,24-12-2012,2012-4, Kanban
360,1,26-12-2012,2012-4, Kanban
360,4,27-12-2012,2012-4, Kanban
Neon,5,06-09-2010,2010-3,Kanban
Neon,2,09-11-2010,2010-4,Kanban
Neon,1,27-09-2010,2010-3,Kanban
Neon,5,15-03-2011,2011-1,Kanban
Neon,1,15-09-2010,2010-3,Kanban
Neon,2,14-10-2010,2010-4,Kanban
Neon,2,22-10-2010,2010-4,Kanban
Neon,1,22-09-2010,2010-3,Kanban
Neon,2,09-09-2010,2010-3,Kanban
Neon,1,21-09-2010,2010-3,Kanban
Neon,2,11-11-2010,2010-4,Kanban
Neon,3,16-09-2010,2010-3,Kanban
Neon,3,20-09-2010,2010-3,Kanban
Neon,1,12-10-2010,2010-4,Kanban
Neon,2,28-09-2010,2010-3,Kanban
Neon,1,26-10-2010,2010-4,Kanban
Neon,1,01-10-2010,2010-4,Kanban
Neon,1,30-09-2010,2010-3,Kanban
Neon,1,04-10-2010,2010-4,Kanban
Neon,1,11-10-2010,2010-4,Kanban
Neon,1,06-10-2010,2010-4,Kanban
Neon,2,21-10-2010,2010-4,Kanban
Neon,1,07-10-2010,2010-4,Kanban
Neon,1,21-01-2011,2011-1,Kanban
Neon,1,16-10-2010,2010-4,Kanban
Neon,1,19-10-2010,2010-4,Kanban
Neon,5,23-12-2010,2010-4,Kanban
Neon,3,17-12-2010,2010-4,Kanban
Neon,2,20-10-2010,2010-4,Kanban
Neon,3,16-12-2010,2010-4,Kanban
Neon,1,12-01-2011,2011-1,Kanban
Neon,2,20-12-2010,2010-4,Kanban
Neon,2,06-01-2011,2011-1,Kanban
Neon,1,02-11-2010,2010-4,Kanban
Neon,1,03-11-2010,2010-4,Kanban
Neon,1,25-11-2010,2010-4,Kanban
Neon,1,04-11-2010,2010-4,Kanban
Neon,1,08-11-2010,2010-4,Kanban
Neon,6,16-11-2010,2010-4,Kanban
Neon,1,17-11-2010,2010-4,Kanban
Neon,3,20-11-2010,2010-4,Kanban
Neon,1,18-11-2010,2010-4,Kanban
Neon,1,24-11-2010,2010-4,Kanban
Neon,1,26-11-2010,2010-4,Kanban
Neon,1,06-07-2011,2011-3,Kanban
Neon,1,01-09-2011,2011-3,Kanban
Neon,1,02-09-2011,2011-3,Kanban
Neon,1,23-09-2011,2011-3,Kanban
Neon,2,09-12-2010,2010-4,Kanban
Neon,1,10-12-2010,2010-4,Kanban
Neon,1,04-07-2011,2011-3,Kanban
Neon,1,13-12-2010,2010-4,Kanban
Neon,2,24-01-2011,2011-1,Kanban
Neon,1,05-01-2011,2011-1,Kanban
Neon,1,27-12-2010,2010-4,Kanban
Neon,1,04-01-2011,2011-1,Kanban
Neon,1,03-01-2011,2011-1,Kanban
Neon,2,22-02-2011,2011-1,Kanban
Neon,2,11-01-2011,2011-1,Kanban
Neon,1,17-01-2011,2011-1,Kanban
Neon,1,31-01-2011,2011-1,Kanban
Neon,1,26-01-2011,2011-1,Kanban
Neon,2,20-01-2011,2011-1,Kanban
Neon,2,24-02-2011,2011-1,Kanban
Neon,1,07-02-2011,2011-1,Kanban
Neon,3,01-03-2011,2011-1,Kanban
Neon,1,11-10-2011,2011-4,Kanban
Neon,1,16-08-2011,2011-3,Kanban
Neon,1,29-03-2011,2011-1,Kanban
Neon,1,17-02-2011,2011-1,Kanban
Neon,4,16-03-2011,2011-1,Kanban
Neon,1,14-02-2011,2011-1,Kanban
Neon,1,10-03-2011,2011-1,Kanban
Neon,4,07-03-2011,2011-1,Kanban
Neon,2,28-02-2011,2011-1,Kanban
Neon,1,02-03-2011,2011-1,Kanban
Neon,2,03-03-2011,2011-1,Kanban
Neon,1,11-03-2011,2011-1,Kanban
Neon,1,10-05-2011,2011-2,Kanban
Neon,2,14-03-2011,2011-1,Kanban
Neon,1,11-07-2011,2011-3,Kanban
Neon,2,21-03-2011,2011-1,Kanban
Neon,1,31-08-2011,2011-3,Kanban
Neon,1,22-03-2011,2011-1,Kanban
Neon,1,30-03-2011,2011-1,Kanban
Neon,1,01-04-2011,2011-2,Kanban
Neon,1,05-07-2011,2011-3,Kanban
Neon,1,11-05-2011,2011-2,Kanban
Neon,2,18-05-2011,2011-2,Kanban
Neon,1,12-05-2011,2011-2,Kanban
Neon,1,13-05-2011,2011-2,Kanban
Frontend,2,13-04-2011,2011-2,Kanban
Frontend,1,15-10-2010,2010-4,Kanban
Frontend,3,14-10-2010,2010-4,Kanban
Frontend,2,20-09-2010,2010-3,Kanban
Frontend,2,07-10-2010,2010-4,Kanban
Frontend,3,01-10-2010,2010-4,Kanban
Frontend,1,22-09-2010,2010-3,Kanban
Frontend,1,17-09-2010,2010-3,Kanban
Frontend,2,23-09-2010,2010-3,Kanban
Frontend,1,29-09-2010,2010-3,Kanban
Frontend,1,24-09-2010,2010-3,Kanban
Frontend,1,28-09-2010,2010-3,Kanban
Frontend,1,06-10-2010,2010-4,Kanban
Frontend,2,18-10-2010,2010-4,Kanban
Frontend,2,05-10-2010,2010-4,Kanban
Frontend,1,30-09-2010,2010-3,Kanban
Frontend,3,04-10-2010,2010-4,Kanban
Frontend,1,08-10-2010,2010-4,Kanban
Frontend,1,13-10-2010,2010-4,Kanban
Frontend,1,19-10-2010,2010-4,Kanban
Frontend,1,20-10-2010,2010-4,Kanban
Frontend,2,12-11-2010,2010-4,Kanban
Frontend,1,21-10-2010,2010-4,Kanban
Frontend,1,25-10-2010,2010-4,Kanban
Frontend,2,27-10-2010,2010-4,Kanban
Frontend,1,28-10-2010,2010-4,Kanban
Frontend,1,01-11-2010,2010-4,Kanban
Frontend,2,04-11-2010,2010-4,Kanban
Frontend,2,08-11-2010,2010-4,Kanban
Frontend,1,10-11-2010,2010-4,Kanban
Frontend,4,16-11-2010,2010-4,Kanban
Frontend,1,19-11-2010,2010-4,Kanban
Frontend,1,06-01-2011,2011-1,Kanban
Frontend,2,22-12-2010,2010-4,Kanban
Frontend,2,02-12-2010,2010-4,Kanban
Frontend,1,16-12-2010,2010-4,Kanban
Frontend,4,09-12-2010,2010-4,Kanban
Frontend,1,06-04-2011,2011-2,Kanban
Frontend,1,25-11-2010,2010-4,Kanban
Frontend,3,10-01-2011,2011-1,Kanban
Frontend,2,30-11-2010,2010-4,Kanban
Frontend,1,01-12-2010,2010-4,Kanban
Frontend,1,03-12-2010,2010-4,Kanban
Frontend,1,10-12-2010,2010-4,Kanban
Frontend,1,14-12-2010,2010-4,Kanban
Frontend,1,21-12-2010,2010-4,Kanban
Frontend,1,29-12-2010,2010-4,Kanban
Frontend,1,27-05-2011,2011-2,Kanban
Frontend,1,12-01-2011,2011-1,Kanban
Frontend,1,14-01-2011,2011-1,Kanban
Frontend,2,31-05-2011,2011-2,Kanban
Frontend,1,21-01-2011,2011-1,Kanban
Frontend,2,31-01-2011,2011-1,Kanban
Frontend,1,03-02-2011,2011-1,Kanban
Frontend,2,08-02-2011,2011-1,Kanban
Frontend,2,01-02-2011,2011-1,Kanban
Frontend,2,14-02-2011,2011-1,Kanban
Frontend,3,15-02-2011,2011-1,Kanban
Frontend,1,19-04-2011,2011-2,Kanban
Frontend,1,26-05-2011,2011-2,Kanban
Frontend,1,07-02-2011,2011-1,Kanban
Frontend,1,11-02-2011,2011-1,Kanban
Frontend,2,10-05-2011,2011-2,Kanban
Frontend,1,09-02-2011,2011-1,Kanban
Frontend,2,03-03-2011,2011-1,Kanban
Frontend,1,30-04-2011,2011-2,Kanban
Frontend,1,21-02-2011,2011-1,Kanban
Frontend,1,16-02-2011,2011-1,Kanban
Frontend,1,17-02-2011,2011-1,Kanban
Frontend,2,28-02-2011,2011-1,Kanban
Frontend,1,18-02-2011,2011-1,Kanban
Frontend,1,10-03-2011,2011-1,Kanban
Frontend,2,22-02-2011,2011-1,Kanban
Frontend,2,23-02-2011,2011-1,Kanban
Frontend,2,24-02-2011,2011-1,Kanban
Frontend,1,04-03-2011,2011-1,Kanban
Frontend,2,08-03-2011,2011-1,Kanban
Frontend,1,07-03-2011,2011-1,Kanban
Frontend,1,28-03-2011,2011-1,Kanban
Frontend,1,09-05-2011,2011-2,Kanban
Frontend,1,17-08-2011,2011-3,Kanban
Frontend,2,09-03-2011,2011-1,Kanban
Frontend,1,23-03-2011,2011-1,Kanban
Frontend,1,11-03-2011,2011-1,Kanban
Frontend,3,17-03-2011,2011-1,Kanban
Frontend,4,02-05-2011,2011-2,Kanban
Frontend,1,21-03-2012,2012-1,Kanban
Frontend,1,27-04-2011,2011-2,Kanban
Frontend,4,05-05-2011,2011-2,Kanban
Frontend,2,04-05-2011,2011-2,Kanban
Frontend,1,03-05-2011,2011-2,Kanban
Frontend,1,23-05-2011,2011-2,Kanban
Frontend,1,14-07-2011,2011-3,Kanban
Frontend,1,06-06-2011,2011-2,Kanban
Frontend,1,10-06-2011,2011-2,Kanban
Frontend,1,01-06-2011,2011-2,Kanban
Frontend,1,13-05-2011,2011-2,Kanban
Frontend,2,19-05-2011,2011-2,Kanban
Frontend,2,24-05-2011,2011-2,Kanban
Krypton,2,28-09-2010,2010-3,Kanban
Krypton,5,06-09-2010,2010-3,Kanban
Krypton,1,10-11-2010,2010-4,Kanban
Krypton,5,16-11-2010,2010-4,Kanban
Krypton,2,28-10-2010,2010-4,Kanban
Krypton,2,29-10-2010,2010-4,Kanban
Krypton,4,11-11-2010,2010-4,Kanban
Krypton,2,17-11-2010,2010-4,Kanban
Krypton,5,19-11-2010,2010-4,Kanban
Krypton,1,12-10-2010,2010-4,Kanban
Krypton,2,02-11-2010,2010-4,Kanban
Krypton,3,24-11-2010,2010-4,Kanban
Krypton,1,27-09-2010,2010-3,Kanban
Krypton,3,24-09-2010,2010-3,Kanban
Krypton,5,20-09-2010,2010-3,Kanban
Krypton,1,08-09-2010,2010-3,Kanban
Krypton,1,09-09-2010,2010-3,Kanban
Krypton,1,10-09-2010,2010-3,Kanban
Krypton,1,21-09-2010,2010-3,Kanban
Krypton,1,20-10-2010,2010-4,Kanban
Krypton,3,25-10-2010,2010-4,Kanban
Krypton,2,29-09-2010,2010-3,Kanban
Krypton,2,13-10-2010,2010-4,Kanban
Krypton,2,05-10-2010,2010-4,Kanban
Krypton,1,01-10-2010,2010-4,Kanban
Krypton,1,04-10-2010,2010-4,Kanban
Krypton,1,06-10-2010,2010-4,Kanban
Krypton,2,11-10-2010,2010-4,Kanban
Krypton,1,14-10-2010,2010-4,Kanban
Krypton,3,26-10-2010,2010-4,Kanban
Krypton,4,22-10-2010,2010-4,Kanban
Krypton,2,15-10-2010,2010-4,Kanban
Krypton,2,18-10-2010,2010-4,Kanban
Krypton,6,19-10-2010,2010-4,Kanban
Krypton,1,03-11-2010,2010-4,Kanban
Krypton,1,21-10-2010,2010-4,Kanban
Krypton,7,07-12-2010,2010-4,Kanban
Krypton,1,27-10-2010,2010-4,Kanban
Krypton,5,04-11-2010,2010-4,Kanban
Krypton,6,01-11-2010,2010-4,Kanban
Krypton,1,05-11-2010,2010-4,Kanban
Krypton,1,08-11-2010,2010-4,Kanban
Krypton,3,15-11-2010,2010-4,Kanban
Krypton,4,04-01-2011,2011-1,Kanban
Krypton,1,12-12-2010,2010-4,Kanban
Krypton,2,26-11-2010,2010-4,Kanban
Krypton,9,08-12-2010,2010-4,Kanban
Krypton,4,23-11-2010,2010-4,Kanban
Krypton,11,06-12-2010,2010-4,Kanban
Krypton,3,22-11-2010,2010-4,Kanban
Krypton,2,12-11-2010,2010-4,Kanban
Krypton,4,18-01-2011,2011-1,Kanban
Krypton,7,09-12-2010,2010-4,Kanban
Krypton,2,18-11-2010,2010-4,Kanban
Krypton,1,06-01-2011,2011-1,Kanban
Krypton,1,30-01-2011,2011-1,Kanban
Krypton,3,03-12-2010,2010-4,Kanban
Krypton,2,16-12-2010,2010-4,Kanban
Krypton,1,13-12-2010,2010-4,Kanban
Krypton,1,07-03-2011,2011-1,Kanban
Krypton,1,10-12-2010,2010-4,Kanban
Krypton,1,15-12-2010,2010-4,Kanban
Krypton,1,11-12-2010,2010-4,Kanban
Krypton,1,13-01-2011,2011-1,Kanban
Krypton,1,23-11-2011,2011-4,Kanban
Krypton,2,12-01-2011,2011-1,Kanban
Krypton,2,17-01-2011,2011-1,Kanban
Krypton,3,25-01-2011,2011-1,Kanban
Krypton,2,26-01-2011,2011-1,Kanban
Krypton,4,28-03-2011,2011-1,Kanban
Krypton,1,03-03-2011,2011-1,Kanban
Krypton,3,11-04-2011,2011-2,Kanban
Krypton,1,24-01-2011,2011-1,Kanban
Krypton,1,20-01-2011,2011-1,Kanban
Krypton,1,17-02-2011,2011-1,Kanban
Krypton,1,21-01-2011,2011-1,Kanban
Krypton,2,04-03-2011,2011-1,Kanban
Krypton,2,31-01-2011,2011-1,Kanban
Krypton,2,28-01-2011,2011-1,Kanban
Krypton,1,10-02-2011,2011-1,Kanban
Krypton,1,23-02-2011,2011-1,Kanban
Krypton,2,08-03-2011,2011-1,Kanban
Krypton,1,09-03-2011,2011-1,Kanban
Krypton,1,11-03-2011,2011-1,Kanban
Krypton,2,15-03-2011,2011-1,Kanban
Krypton,2,16-03-2011,2011-1,Kanban
Krypton,1,31-03-2011,2011-1,Kanban
Krypton,2,30-03-2011,2011-1,Kanban
Krypton,1,22-03-2011,2011-1,Kanban
Krypton,1,23-03-2011,2011-1,Kanban
Krypton,1,12-05-2011,2011-2,Kanban
Krypton,4,27-04-2011,2011-2,Kanban
Krypton,1,04-04-2011,2011-2,Kanban
Krypton,1,15-07-2011,2011-3,Kanban
Krypton,1,08-04-2011,2011-2,Kanban
Krypton,4,18-05-2011,2011-2,Kanban
Krypton,1,26-05-2011,2011-2,Kanban
Krypton,1,10-05-2011,2011-2,Kanban
Krypton,1,13-05-2011,2011-2,Kanban
Krypton,1,15-06-2011,2011-2,Kanban
