Neon,1,08-09-2010,9,2010-3,Kanban
Neon,1,10-09-2010,9,2010-3,Kanban
Neon,3,16-09-2010,9,2010-3,Kanban
Neon,7,17-09-2010,9,2010-3,Kanban
Neon,3,18-09-2010,9,2010-3,Kanban
Neon,1,20-09-2010,9,2010-3,Kanban
Neon,1,22-09-2010,9,2010-3,Kanban
Neon,4,24-09-2010,9,2010-3,Kanban
Neon,4,25-09-2010,9,2010-3,Kanban
Neon,1,28-09-2010,9,2010-3,Kanban
Neon,3,29-09-2010,9,2010-3,Kanban
Neon,1,05-10-2010,10,2010-4,Kanban
Neon,2,06-10-2010,10,2010-4,Kanban
Neon,8,07-10-2010,10,2010-4,Kanban
Neon,5,08-10-2010,10,2010-4,Kanban
Neon,2,09-10-2010,10,2010-4,Kanban
Neon,1,11-10-2010,10,2010-4,Kanban
Neon,4,13-10-2010,10,2010-4,Kanban
Neon,1,14-10-2010,10,2010-4,Kanban
Neon,5,15-10-2010,10,2010-4,Kanban
Neon,1,16-10-2010,10,2010-4,Kanban
Neon,4,18-10-2010,10,2010-4,Kanban
Neon,6,19-10-2010,10,2010-4,Kanban
Neon,5,20-10-2010,10,2010-4,Kanban
Neon,10,21-10-2010,10,2010-4,Kanban
Neon,9,22-10-2010,10,2010-4,Kanban
Neon,2,23-10-2010,10,2010-4,Kanban
Neon,2,27-10-2010,10,2010-4,Kanban
Neon,1,28-10-2010,10,2010-4,Kanban
Neon,1,29-10-2010,10,2010-4,Kanban
Neon,2,30-10-2010,10,2010-4,Kanban
Neon,3,02-11-2010,11,2010-4,Kanban
Neon,8,03-11-2010,11,2010-4,Kanban
Neon,1,04-11-2010,11,2010-4,Kanban
Neon,1,05-11-2010,11,2010-4,Kanban
Neon,2,12-11-2010,11,2010-4,Kanban
Neon,1,13-11-2010,11,2010-4,Kanban
Neon,1,16-11-2010,11,2010-4,Kanban
Neon,1,18-11-2010,11,2010-4,Kanban
Neon,5,19-11-2010,11,2010-4,Kanban
Neon,1,20-11-2010,11,2010-4,Kanban
Neon,11,24-11-2010,11,2010-4,Kanban
Neon,4,25-11-2010,11,2010-4,Kanban
Neon,2,26-11-2010,11,2010-4,Kanban
Neon,6,27-11-2010,11,2010-4,Kanban
Neon,2,29-11-2010,11,2010-4,Kanban
Neon,4,30-11-2010,11,2010-4,Kanban
Neon,1,03-12-2010,12,2010-4,Kanban
Neon,1,04-12-2010,12,2010-4,Kanban
Neon,4,06-12-2010,12,2010-4,Kanban
Neon,4,07-12-2010,12,2010-4,Kanban
Neon,4,08-12-2010,12,2010-4,Kanban
Neon,3,13-12-2010,12,2010-4,Kanban
Neon,1,16-12-2010,12,2010-4,Kanban
Neon,1,17-12-2010,12,2010-4,Kanban
Neon,1,18-12-2010,12,2010-4,Kanban
Neon,1,22-12-2010,12,2010-4,Kanban
Neon,3,24-12-2010,12,2010-4,Kanban
Neon,1,29-12-2010,12,2010-4,Kanban
Neon,4,05-01-2011,1,2011-1,Kanban
Neon,7,06-01-2011,1,2011-1,Kanban
Neon,2,07-01-2011,1,2011-1,Kanban
Neon,1,10-01-2011,1,2011-1,Kanban
Neon,5,12-01-2011,1,2011-1,Kanban
Neon,1,13-01-2011,1,2011-1,Kanban
Neon,2,14-01-2011,1,2011-1,Kanban
Neon,2,15-01-2011,1,2011-1,Kanban
Neon,1,17-01-2011,1,2011-1,Kanban
Neon,2,18-01-2011,1,2011-1,Kanban
Neon,3,19-01-2011,1,2011-1,Kanban
Neon,4,20-01-2011,1,2011-1,Kanban
Neon,2,21-01-2011,1,2011-1,Kanban
Neon,3,22-01-2011,1,2011-1,Kanban
Neon,2,25-01-2011,1,2011-1,Kanban
Neon,1,26-01-2011,1,2011-1,Kanban
Neon,1,27-01-2011,1,2011-1,Kanban
Neon,4,28-01-2011,1,2011-1,Kanban
Neon,1,29-01-2011,1,2011-1,Kanban
Neon,1,01-02-2011,2,2011-1,Kanban
Neon,3,02-02-2011,2,2011-1,Kanban
Neon,5,03-02-2011,2,2011-1,Kanban
Neon,1,07-02-2011,2,2011-1,Kanban
Neon,1,08-02-2011,2,2011-1,Kanban
Neon,9,10-02-2011,2,2011-1,Kanban
Neon,1,11-02-2011,2,2011-1,Kanban
Neon,1,15-02-2011,2,2011-1,Kanban
Neon,3,16-02-2011,2,2011-1,Kanban
Neon,5,17-02-2011,2,2011-1,Kanban
Neon,3,18-02-2011,2,2011-1,Kanban
Neon,2,19-02-2011,2,2011-1,Kanban
Neon,1,21-02-2011,2,2011-1,Kanban
Neon,5,22-02-2011,2,2011-1,Kanban
Neon,8,23-02-2011,2,2011-1,Kanban
Neon,8,24-02-2011,2,2011-1,Kanban
Neon,7,25-02-2011,2,2011-1,Kanban
Neon,1,26-02-2011,2,2011-1,Kanban
Neon,2,01-03-2011,3,2011-1,Kanban
Neon,12,02-03-2011,3,2011-1,Kanban
Neon,3,03-03-2011,3,2011-1,Kanban
Neon,3,04-03-2011,3,2011-1,Kanban
Neon,1,07-03-2011,3,2011-1,Kanban
Neon,5,08-03-2011,3,2011-1,Kanban
Neon,2,09-03-2011,3,2011-1,Kanban
Neon,1,10-03-2011,3,2011-1,Kanban
Neon,4,12-03-2011,3,2011-1,Kanban
Neon,1,14-03-2011,3,2011-1,Kanban
Neon,2,15-03-2011,3,2011-1,Kanban
Neon,6,16-03-2011,3,2011-1,Kanban
Neon,8,17-03-2011,3,2011-1,Kanban
Neon,1,18-03-2011,3,2011-1,Kanban
Neon,1,19-03-2011,3,2011-1,Kanban
Neon,2,22-03-2011,3,2011-1,Kanban
Neon,3,23-03-2011,3,2011-1,Kanban
Neon,3,24-03-2011,3,2011-1,Kanban
Neon,2,25-03-2011,3,2011-1,Kanban
Neon,2,26-03-2011,3,2011-1,Kanban
Neon,4,29-03-2011,3,2011-1,Kanban
Neon,3,01-04-2011,4,2011-2,Kanban
Neon,1,02-04-2011,4,2011-2,Kanban
Neon,1,05-04-2011,4,2011-2,Kanban
Neon,3,06-04-2011,4,2011-2,Kanban
Neon,1,08-04-2011,4,2011-2,Kanban
Neon,8,09-04-2011,4,2011-2,Kanban
Neon,2,13-04-2011,4,2011-2,Kanban
Neon,1,14-04-2011,4,2011-2,Kanban
Neon,1,15-04-2011,4,2011-2,Kanban
Neon,2,27-04-2011,4,2011-2,Kanban
Neon,2,28-04-2011,4,2011-2,Kanban
Neon,1,04-05-2011,5,2011-2,Kanban
Neon,1,06-05-2011,5,2011-2,Kanban
Neon,1,09-05-2011,5,2011-2,Kanban
Neon,3,10-05-2011,5,2011-2,Kanban
Neon,1,11-05-2011,5,2011-2,Kanban
Neon,4,12-05-2011,5,2011-2,Kanban
Neon,1,17-05-2011,5,2011-2,Kanban
Neon,1,18-05-2011,5,2011-2,Kanban
Neon,3,19-05-2011,5,2011-2,Kanban
Neon,2,20-05-2011,5,2011-2,Kanban
Neon,5,24-05-2011,5,2011-2,Kanban
Neon,4,25-05-2011,5,2011-2,Kanban
Neon,2,26-05-2011,5,2011-2,Kanban
Neon,5,27-05-2011,5,2011-2,Kanban
Neon,2,31-05-2011,5,2011-2,Kanban
Neon,10,01-06-2011,6,2011-2,Kanban
Neon,2,02-06-2011,6,2011-2,Kanban
Neon,3,03-06-2011,6,2011-2,Kanban
Neon,4,04-06-2011,6,2011-2,Kanban
Neon,3,06-06-2011,6,2011-2,Kanban
Neon,6,07-06-2011,6,2011-2,Kanban
Neon,2,08-06-2011,6,2011-2,Kanban
Neon,2,09-06-2011,6,2011-2,Kanban
Neon,7,10-06-2011,6,2011-2,Kanban
Neon,5,11-06-2011,6,2011-2,Kanban
Neon,1,12-06-2011,6,2011-2,Kanban
Neon,10,14-06-2011,6,2011-2,Kanban
Neon,13,15-06-2011,6,2011-2,Kanban
Neon,5,16-06-2011,6,2011-2,Kanban
Neon,12,17-06-2011,6,2011-2,Kanban
Neon,7,18-06-2011,6,2011-2,Kanban
Neon,1,20-06-2011,6,2011-2,Kanban
Neon,2,21-06-2011,6,2011-2,Kanban
Neon,2,22-06-2011,6,2011-2,Kanban
Neon,10,23-06-2011,6,2011-2,Kanban
Neon,4,24-06-2011,6,2011-2,Kanban
Neon,2,25-06-2011,6,2011-2,Kanban
Neon,3,28-06-2011,6,2011-2,Kanban
Neon,3,29-06-2011,6,2011-2,Kanban
Neon,5,30-06-2011,6,2011-2,Kanban
Neon,5,01-07-2011,7,2011-3,Kanban
Neon,3,02-07-2011,7,2011-3,Kanban
Neon,2,04-07-2011,7,2011-3,Kanban
Neon,5,06-07-2011,7,2011-3,Kanban
Neon,1,07-07-2011,7,2011-3,Kanban
Neon,3,08-07-2011,7,2011-3,Kanban
Neon,1,09-07-2011,7,2011-3,Kanban
Neon,1,11-07-2011,7,2011-3,Kanban
Neon,1,12-07-2011,7,2011-3,Kanban
Neon,1,14-07-2011,7,2011-3,Kanban
Neon,4,15-07-2011,7,2011-3,Kanban
Neon,2,16-07-2011,7,2011-3,Kanban
Neon,2,18-07-2011,7,2011-3,Kanban
Neon,2,19-07-2011,7,2011-3,Kanban
Neon,1,20-07-2011,7,2011-3,Kanban
Neon,2,22-07-2011,7,2011-3,Kanban
Neon,1,26-07-2011,7,2011-3,Kanban
Neon,3,02-08-2011,8,2011-3,Kanban
Neon,1,03-08-2011,8,2011-3,Kanban
Neon,2,04-08-2011,8,2011-3,Kanban
Neon,3,05-08-2011,8,2011-3,Kanban
Neon,2,06-08-2011,8,2011-3,Kanban
Neon,5,09-08-2011,8,2011-3,Kanban
Neon,2,10-08-2011,8,2011-3,Kanban
Neon,2,16-08-2011,8,2011-3,Kanban
Neon,1,18-08-2011,8,2011-3,Kanban
Neon,4,24-08-2011,8,2011-3,Kanban
Neon,1,26-08-2011,8,2011-3,Kanban
Neon,2,27-08-2011,8,2011-3,Kanban
Neon,1,30-08-2011,8,2011-3,Kanban
Neon,4,31-08-2011,8,2011-3,Kanban
Neon,2,03-09-2011,9,2011-3,Kanban
Neon,2,05-09-2011,9,2011-3,Kanban
Neon,5,06-09-2011,9,2011-3,Kanban
Neon,1,07-09-2011,9,2011-3,Kanban
Neon,3,09-09-2011,9,2011-3,Kanban
Neon,1,10-09-2011,9,2011-3,Kanban
Neon,1,13-09-2011,9,2011-3,Kanban
Neon,4,14-09-2011,9,2011-3,Kanban
Neon,4,16-09-2011,9,2011-3,Kanban
Neon,1,17-09-2011,9,2011-3,Kanban
Neon,1,19-09-2011,9,2011-3,Kanban
Neon,9,20-09-2011,9,2011-3,Kanban
Neon,3,21-09-2011,9,2011-3,Kanban
Neon,1,22-09-2011,9,2011-3,Kanban
Neon,2,23-09-2011,9,2011-3,Kanban
Neon,1,24-09-2011,9,2011-3,Kanban
Neon,2,26-09-2011,9,2011-3,Kanban
Neon,2,27-09-2011,9,2011-3,Kanban
Neon,3,28-09-2011,9,2011-3,Kanban
Neon,1,29-09-2011,9,2011-3,Kanban
Neon,4,30-09-2011,9,2011-3,Kanban
Neon,3,01-10-2011,10,2011-4,Kanban
Neon,1,03-10-2011,10,2011-4,Kanban
Neon,4,04-10-2011,10,2011-4,Kanban
Neon,1,05-10-2011,10,2011-4,Kanban
Neon,3,07-10-2011,10,2011-4,Kanban
Neon,2,08-10-2011,10,2011-4,Kanban
Neon,1,09-10-2011,10,2011-4,Kanban
Neon,1,11-10-2011,10,2011-4,Kanban
Neon,3,12-10-2011,10,2011-4,Kanban
Neon,3,13-10-2011,10,2011-4,Kanban
Neon,4,14-10-2011,10,2011-4,Kanban
Neon,4,15-10-2011,10,2011-4,Kanban
Neon,1,16-10-2011,10,2011-4,Kanban
Neon,2,17-10-2011,10,2011-4,Kanban
Neon,6,18-10-2011,10,2011-4,Kanban
Neon,8,19-10-2011,10,2011-4,Kanban
Neon,1,20-10-2011,10,2011-4,Kanban
Neon,2,26-10-2011,10,2011-4,Kanban
Neon,4,27-10-2011,10,2011-4,Kanban
Neon,2,29-10-2011,10,2011-4,Kanban
Neon,1,01-11-2011,11,2011-4,Kanban
Neon,3,02-11-2011,11,2011-4,Kanban
Neon,1,03-11-2011,11,2011-4,Kanban
Neon,5,04-11-2011,11,2011-4,Kanban
Neon,4,05-11-2011,11,2011-4,Kanban
Neon,2,06-11-2011,11,2011-4,Kanban
Neon,1,07-11-2011,11,2011-4,Kanban
Neon,1,09-11-2011,11,2011-4,Kanban
Neon,6,10-11-2011,11,2011-4,Kanban
Neon,2,11-11-2011,11,2011-4,Kanban
Neon,2,12-11-2011,11,2011-4,Kanban
Neon,1,15-11-2011,11,2011-4,Kanban
Neon,5,16-11-2011,11,2011-4,Kanban
Neon,3,18-11-2011,11,2011-4,Kanban
Neon,2,21-11-2011,11,2011-4,Kanban
Neon,1,22-11-2011,11,2011-4,Kanban
Neon,1,23-11-2011,11,2011-4,Kanban
Neon,2,24-11-2011,11,2011-4,Kanban
Neon,2,26-11-2011,11,2011-4,Kanban
Neon,1,28-11-2011,11,2011-4,Kanban
Neon,1,30-11-2011,11,2011-4,Kanban
Neon,1,01-12-2011,12,2011-4,Kanban
Neon,5,02-12-2011,12,2011-4,Kanban
Neon,6,03-12-2011,12,2011-4,Kanban
Neon,2,05-12-2011,12,2011-4,Kanban
Neon,7,06-12-2011,12,2011-4,Kanban
Neon,2,07-12-2011,12,2011-4,Kanban
Neon,3,08-12-2011,12,2011-4,Kanban
Neon,7,09-12-2011,12,2011-4,Kanban
Neon,2,10-12-2011,12,2011-4,Kanban
Neon,1,12-12-2011,12,2011-4,Kanban
Neon,1,13-12-2011,12,2011-4,Kanban
Neon,7,14-12-2011,12,2011-4,Kanban
Neon,2,15-12-2011,12,2011-4,Kanban
Neon,1,17-12-2011,12,2011-4,Kanban
Neon,2,21-12-2011,12,2011-4,Kanban
Neon,4,22-12-2011,12,2011-4,Kanban
Neon,1,26-12-2011,12,2011-4,Kanban
Neon,1,28-12-2011,12,2011-4,Kanban
Neon,1,29-12-2011,12,2011-4,Kanban
Neon,1,03-01-2012,1,2012-1,Kanban
Neon,1,05-01-2012,1,2012-1,Kanban
Neon,2,07-01-2012,1,2012-1,Kanban
Neon,2,10-01-2012,1,2012-1,Kanban
Neon,1,12-01-2012,1,2012-1,Kanban
Neon,7,13-01-2012,1,2012-1,Kanban
Neon,1,14-01-2012,1,2012-1,Kanban
Neon,5,17-01-2012,1,2012-1,Kanban
Neon,2,18-01-2012,1,2012-1,Kanban
Neon,1,19-01-2012,1,2012-1,Kanban
Neon,5,24-01-2012,1,2012-1,Kanban
Neon,3,26-01-2012,1,2012-1,Kanban
Neon,1,27-01-2012,1,2012-1,Kanban
Neon,2,31-01-2012,1,2012-1,Kanban
Neon,1,06-02-2012,2,2012-1,Kanban
Neon,6,07-02-2012,2,2012-1,Kanban
Neon,7,08-02-2012,2,2012-1,Kanban
Neon,2,09-02-2012,2,2012-1,Kanban
Neon,4,10-02-2012,2,2012-1,Kanban
Neon,6,11-02-2012,2,2012-1,Kanban
Neon,4,14-02-2012,2,2012-1,Kanban
Neon,2,15-02-2012,2,2012-1,Kanban
Neon,4,16-02-2012,2,2012-1,Kanban
Neon,2,17-02-2012,2,2012-1,Kanban
Neon,1,18-02-2012,2,2012-1,Kanban
Neon,3,20-02-2012,2,2012-1,Kanban
Neon,2,21-02-2012,2,2012-1,Kanban
Neon,2,22-02-2012,2,2012-1,Kanban
Neon,6,28-02-2012,2,2012-1,Kanban
Neon,2,29-02-2012,2,2012-1,Kanban
Neon,6,01-03-2012,3,2012-1,Kanban
Neon,3,02-03-2012,3,2012-1,Kanban
Neon,11,03-03-2012,3,2012-1,Kanban
Neon,4,07-03-2012,3,2012-1,Kanban
Neon,2,08-03-2012,3,2012-1,Kanban
Neon,1,12-03-2012,3,2012-1,Kanban
Neon,5,13-03-2012,3,2012-1,Kanban
Neon,3,14-03-2012,3,2012-1,Kanban
Neon,6,15-03-2012,3,2012-1,Kanban
Neon,2,16-03-2012,3,2012-1,Kanban
Neon,1,17-03-2012,3,2012-1,Kanban
Neon,2,20-03-2012,3,2012-1,Kanban
Neon,1,21-03-2012,3,2012-1,Kanban
Neon,3,22-03-2012,3,2012-1,Kanban
Neon,2,23-03-2012,3,2012-1,Kanban
Neon,6,27-03-2012,3,2012-1,Kanban
Neon,7,28-03-2012,3,2012-1,Kanban
Neon,4,29-03-2012,3,2012-1,Kanban
Neon,10,30-03-2012,3,2012-1,Kanban
Neon,2,31-03-2012,3,2012-1,Kanban
Neon,1,04-04-2012,4,2012-2,Kanban
Neon,1,05-04-2012,4,2012-2,Kanban
Neon,1,07-04-2012,4,2012-2,Kanban
Neon,3,12-04-2012,4,2012-2,Kanban
Neon,2,13-04-2012,4,2012-2,Kanban
Neon,2,17-04-2012,4,2012-2,Kanban
Neon,1,18-04-2012,4,2012-2,Kanban
Neon,4,19-04-2012,4,2012-2,Kanban
Neon,1,20-04-2012,4,2012-2,Kanban
Neon,1,24-04-2012,4,2012-2,Kanban
Neon,2,25-04-2012,4,2012-2,Kanban
Neon,2,26-04-2012,4,2012-2,Kanban
Neon,8,27-04-2012,4,2012-2,Kanban
Neon,1,28-04-2012,4,2012-2,Kanban
Neon,2,03-05-2012,5,2012-2,Kanban
Neon,1,04-05-2012,5,2012-2,Kanban
Neon,1,09-05-2012,5,2012-2,Kanban
Neon,4,10-05-2012,5,2012-2,Kanban
Neon,5,11-05-2012,5,2012-2,Kanban
Neon,5,12-05-2012,5,2012-2,Kanban
Neon,2,15-05-2012,5,2012-2,Kanban
Neon,2,17-05-2012,5,2012-2,Kanban
Neon,3,19-05-2012,5,2012-2,Kanban
Neon,2,21-05-2012,5,2012-2,Kanban
Neon,4,22-05-2012,5,2012-2,Kanban
Neon,1,23-05-2012,5,2012-2,Kanban
Neon,1,25-05-2012,5,2012-2,Kanban
Neon,4,26-05-2012,5,2012-2,Kanban
Neon,1,27-05-2012,5,2012-2,Kanban
Neon,1,29-05-2012,5,2012-2,Kanban
Neon,1,30-05-2012,5,2012-2,Kanban
Neon,4,31-05-2012,5,2012-2,Kanban
Neon,1,01-06-2012,6,2012-2,Kanban
Neon,1,02-06-2012,6,2012-2,Kanban
Neon,1,05-06-2012,6,2012-2,Kanban
Neon,6,06-06-2012,6,2012-2,Kanban
Neon,2,08-06-2012,6,2012-2,Kanban
Neon,1,09-06-2012,6,2012-2,Kanban
Neon,2,10-06-2012,6,2012-2,Kanban
Neon,7,11-06-2012,6,2012-2,Kanban
Neon,14,12-06-2012,6,2012-2,Kanban
Neon,12,13-06-2012,6,2012-2,Kanban
Neon,6,14-06-2012,6,2012-2,Kanban
Neon,5,15-06-2012,6,2012-2,Kanban
Neon,1,16-06-2012,6,2012-2,Kanban
Neon,2,18-06-2012,6,2012-2,Kanban
Neon,2,19-06-2012,6,2012-2,Kanban
Neon,1,22-06-2012,6,2012-2,Kanban
Neon,1,29-06-2012,6,2012-2,Kanban
Neon,1,04-07-2012,7,2012-3,Kanban
Neon,5,05-07-2012,7,2012-3,Kanban
Neon,2,11-07-2012,7,2012-3,Kanban
Neon,1,12-07-2012,7,2012-3,Kanban
Neon,2,13-07-2012,7,2012-3,Kanban
Neon,3,14-07-2012,7,2012-3,Kanban
Neon,3,16-07-2012,7,2012-3,Kanban
Neon,3,17-07-2012,7,2012-3,Kanban
Neon,2,18-07-2012,7,2012-3,Kanban
Neon,6,20-07-2012,7,2012-3,Kanban
Neon,4,21-07-2012,7,2012-3,Kanban
Neon,5,23-07-2012,7,2012-3,Kanban
Neon,6,24-07-2012,7,2012-3,Kanban
Neon,9,25-07-2012,7,2012-3,Kanban
Neon,2,26-07-2012,7,2012-3,Kanban
Neon,4,30-07-2012,7,2012-3,Kanban
Neon,3,31-07-2012,7,2012-3,Kanban
Neon,2,01-08-2012,8,2012-3,Kanban
Neon,4,02-08-2012,8,2012-3,Kanban
Neon,1,03-08-2012,8,2012-3,Kanban
Neon,2,04-08-2012,8,2012-3,Kanban
Neon,1,06-08-2012,8,2012-3,Kanban
Neon,4,07-08-2012,8,2012-3,Kanban
Neon,1,08-08-2012,8,2012-3,Kanban
Neon,2,10-08-2012,8,2012-3,Kanban
Neon,4,11-08-2012,8,2012-3,Kanban
Neon,1,13-08-2012,8,2012-3,Kanban
Neon,1,14-08-2012,8,2012-3,Kanban
Neon,4,18-08-2012,8,2012-3,Kanban
Neon,4,20-08-2012,8,2012-3,Kanban
Neon,4,21-08-2012,8,2012-3,Kanban
Neon,6,22-08-2012,8,2012-3,Kanban
Neon,7,23-08-2012,8,2012-3,Kanban
Neon,5,24-08-2012,8,2012-3,Kanban
Neon,5,25-08-2012,8,2012-3,Kanban
Neon,1,28-08-2012,8,2012-3,Kanban
Neon,3,29-08-2012,8,2012-3,Kanban
Neon,16,30-08-2012,8,2012-3,Kanban
Neon,8,31-08-2012,8,2012-3,Kanban
Neon,2,01-09-2012,9,2012-3,Kanban
Neon,1,03-09-2012,9,2012-3,Kanban
Neon,4,04-09-2012,9,2012-3,Kanban
Neon,4,05-09-2012,9,2012-3,Kanban
Neon,3,06-09-2012,9,2012-3,Kanban
Neon,11,07-09-2012,9,2012-3,Kanban
Neon,2,08-09-2012,9,2012-3,Kanban
Neon,6,11-09-2012,9,2012-3,Kanban
Neon,4,12-09-2012,9,2012-3,Kanban
Neon,4,13-09-2012,9,2012-3,Kanban
Neon,1,14-09-2012,9,2012-3,Kanban
Neon,1,17-09-2012,9,2012-3,Kanban
Neon,3,18-09-2012,9,2012-3,Kanban
Neon,5,19-09-2012,9,2012-3,Kanban
Neon,5,20-09-2012,9,2012-3,Kanban
Neon,4,21-09-2012,9,2012-3,Kanban
Neon,1,22-09-2012,9,2012-3,Kanban
Neon,5,25-09-2012,9,2012-3,Kanban
Neon,1,26-09-2012,9,2012-3,Kanban
Neon,2,27-09-2012,9,2012-3,Kanban
Neon,2,28-09-2012,9,2012-3,Kanban
Neon,6,02-10-2012,10,2012-4,Kanban
Neon,1,03-10-2012,10,2012-4,Kanban
Neon,3,04-10-2012,10,2012-4,Kanban
Neon,3,05-10-2012,10,2012-4,Kanban
Neon,4,06-10-2012,10,2012-4,Kanban
Neon,3,09-10-2012,10,2012-4,Kanban
Neon,1,10-10-2012,10,2012-4,Kanban
Neon,1,11-10-2012,10,2012-4,Kanban
Neon,3,12-10-2012,10,2012-4,Kanban
Neon,3,13-10-2012,10,2012-4,Kanban
Neon,3,16-10-2012,10,2012-4,Kanban
Neon,3,17-10-2012,10,2012-4,Kanban
Neon,1,18-10-2012,10,2012-4,Kanban
Neon,1,20-10-2012,10,2012-4,Kanban
Neon,1,22-10-2012,10,2012-4,Kanban
Neon,2,23-10-2012,10,2012-4,Kanban
Neon,1,24-10-2012,10,2012-4,Kanban
Neon,1,25-10-2012,10,2012-4,Kanban
Neon,5,26-10-2012,10,2012-4,Kanban
Neon,1,29-10-2012,10,2012-4,Kanban
Neon,10,30-10-2012,10,2012-4,Kanban
Neon,7,31-10-2012,10,2012-4,Kanban
Neon,2,01-11-2012,11,2012-4,Kanban
Neon,5,02-11-2012,11,2012-4,Kanban
Neon,3,03-11-2012,11,2012-4,Kanban
Neon,3,05-11-2012,11,2012-4,Kanban
Neon,7,06-11-2012,11,2012-4,Kanban
Neon,4,07-11-2012,11,2012-4,Kanban
Neon,3,08-11-2012,11,2012-4,Kanban
Neon,3,09-11-2012,11,2012-4,Kanban
Neon,1,10-11-2012,11,2012-4,Kanban
Neon,1,13-11-2012,11,2012-4,Kanban
Neon,2,14-11-2012,11,2012-4,Kanban
Neon,2,16-11-2012,11,2012-4,Kanban
Neon,1,17-11-2012,11,2012-4,Kanban
Neon,9,20-11-2012,11,2012-4,Kanban
Neon,4,21-11-2012,11,2012-4,Kanban
Neon,4,22-11-2012,11,2012-4,Kanban
Neon,3,23-11-2012,11,2012-4,Kanban
Neon,1,26-11-2012,11,2012-4,Kanban
Neon,1,27-11-2012,11,2012-4,Kanban
Neon,5,28-11-2012,11,2012-4,Kanban
Neon,6,29-11-2012,11,2012-4,Kanban
Neon,3,01-12-2012,12,2012-4,Kanban
Neon,1,03-12-2012,12,2012-4,Kanban
Neon,3,04-12-2012,12,2012-4,Kanban
Neon,8,05-12-2012,12,2012-4,Kanban
Neon,7,06-12-2012,12,2012-4,Kanban
Neon,5,07-12-2012,12,2012-4,Kanban
Neon,4,08-12-2012,12,2012-4,Kanban
Neon,3,09-12-2012,12,2012-4,Kanban
Neon,2,10-12-2012,12,2012-4,Kanban
Neon,8,11-12-2012,12,2012-4,Kanban
Neon,12,12-12-2012,12,2012-4,Kanban
Neon,9,13-12-2012,12,2012-4,Kanban
Neon,1,14-12-2012,12,2012-4,Kanban
Neon,1,15-12-2012,12,2012-4,Kanban
Neon,1,02-01-2013,1,2013-1,Kanban
Neon,1,10-01-2013,1,2013-1,Kanban
Neon,1,11-01-2013,1,2013-1,Kanban
Neon,2,12-01-2013,1,2013-1,Kanban
