Neon,1,25-07-2012,2012-3,Kanban
Neon,7,30-05-2011,2011-2,Kanban
Neon,3,30-11-2010,2010-4,Kanban
Neon,11,18-10-2010,2010-4,Kanban
Neon,4,16-02-2011,2011-1,Kanban
Neon,4,21-02-2011,2011-1,Kanban
Neon,4,14-10-2010,2010-4,Kanban
Neon,7,09-02-2011,2011-1,Kanban
Neon,1,29-10-2010,2010-4,Kanban
Neon,1,27-09-2010,2010-3,Kanban
Neon,2,28-09-2010,2010-3,Kanban
Neon,1,19-07-2011,2011-3,Kanban
Neon,2,01-10-2010,2010-4,Kanban
Neon,1,06-02-2012,2012-1,Kanban
Neon,3,08-10-2010,2010-4,Kanban
Neon,1,21-09-2010,2010-3,Kanban
Neon,7,16-09-2010,2010-3,Kanban
Neon,1,06-09-2010,2010-3,Kanban
Neon,7,12-10-2010,2010-4,Kanban
Neon,1,17-09-2010,2010-3,Kanban
Neon,2,20-09-2010,2010-3,Kanban
Neon,5,16-12-2010,2010-4,Kanban
Neon,1,07-09-2010,2010-3,Kanban
Neon,4,15-09-2010,2010-3,Kanban
Neon,1,14-09-2010,2010-3,Kanban
Neon,1,18-09-2010,2010-3,Kanban
Neon,6,24-05-2011,2011-2,Kanban
Neon,2,22-09-2010,2010-3,Kanban
Neon,2,23-09-2010,2010-3,Kanban
Neon,2,17-02-2011,2011-1,Kanban
Neon,3,02-11-2010,2010-4,Kanban
Neon,1,08-07-2011,2011-3,Kanban
Neon,2,07-10-2010,2010-4,Kanban
Neon,2,29-09-2010,2010-3,Kanban
Neon,1,11-10-2010,2010-4,Kanban
Neon,3,30-09-2010,2010-3,Kanban
Neon,2,06-10-2010,2010-4,Kanban
Neon,1,05-10-2010,2010-4,Kanban
Neon,3,13-10-2010,2010-4,Kanban
Neon,1,20-10-2010,2010-4,Kanban
Neon,1,04-10-2010,2010-4,Kanban
Neon,1,02-08-2011,2011-3,Kanban
Neon,3,27-10-2010,2010-4,Kanban
Neon,1,10-10-2010,2010-4,Kanban
Neon,1,15-10-2010,2010-4,Kanban
Neon,1,16-10-2010,2010-4,Kanban
Neon,2,25-10-2010,2010-4,Kanban
Neon,1,06-01-2011,2011-1,Kanban
Neon,1,26-10-2010,2010-4,Kanban
Neon,5,24-11-2010,2010-4,Kanban
Neon,2,05-01-2011,2011-1,Kanban
Neon,3,07-01-2011,2011-1,Kanban
Neon,2,28-10-2010,2010-4,Kanban
Neon,2,03-03-2011,2011-1,Kanban
Neon,1,06-07-2011,2011-3,Kanban
Neon,1,04-11-2010,2010-4,Kanban
Neon,1,03-01-2011,2011-1,Kanban
Neon,1,10-11-2010,2010-4,Kanban
Neon,1,11-11-2010,2010-4,Kanban
Neon,1,12-11-2010,2010-4,Kanban
Neon,3,21-01-2011,2011-1,Kanban
Neon,2,23-11-2010,2010-4,Kanban
Neon,1,28-12-2010,2010-4,Kanban
Neon,1,10-02-2011,2011-1,Kanban
Neon,4,04-01-2011,2011-1,Kanban
Neon,1,28-02-2012,2012-1,Kanban
Neon,1,17-11-2010,2010-4,Kanban
Neon,3,21-11-2010,2010-4,Kanban
Neon,2,18-11-2010,2010-4,Kanban
Neon,2,18-01-2011,2011-1,Kanban
Neon,2,22-11-2010,2010-4,Kanban
Neon,2,10-01-2011,2011-1,Kanban
Neon,2,11-01-2011,2011-1,Kanban
Neon,2,25-11-2010,2010-4,Kanban
Neon,3,24-01-2011,2011-1,Kanban
Neon,4,02-12-2010,2010-4,Kanban
Neon,4,11-02-2011,2011-1,Kanban
Neon,4,15-02-2011,2011-1,Kanban
Neon,3,08-12-2010,2010-4,Kanban
Neon,4,24-02-2011,2011-1,Kanban
Neon,3,23-02-2011,2011-1,Kanban
Neon,1,15-12-2010,2010-4,Kanban
Neon,2,23-12-2010,2010-4,Kanban
Neon,2,01-02-2011,2011-1,Kanban
Neon,2,17-01-2011,2011-1,Kanban
Neon,1,14-01-2011,2011-1,Kanban
Neon,2,20-01-2011,2011-1,Kanban
Neon,5,11-05-2011,2011-2,Kanban
Neon,2,19-01-2011,2011-1,Kanban
Neon,5,31-01-2011,2011-1,Kanban
Neon,1,28-01-2011,2011-1,Kanban
Neon,1,30-01-2011,2011-1,Kanban
Neon,1,08-02-2011,2011-1,Kanban
Neon,1,02-02-2011,2011-1,Kanban
Neon,2,11-03-2011,2011-1,Kanban
Neon,1,07-02-2011,2011-1,Kanban
Neon,1,03-02-2011,2011-1,Kanban
Neon,2,14-02-2011,2011-1,Kanban
Neon,4,01-03-2011,2011-1,Kanban
Neon,1,02-06-2011,2011-2,Kanban
Neon,5,25-05-2011,2011-2,Kanban
Neon,5,22-02-2011,2011-1,Kanban
Neon,1,18-02-2011,2011-1,Kanban
Neon,3,16-05-2011,2011-2,Kanban
Neon,1,07-03-2011,2011-1,Kanban
Neon,1,08-03-2011,2011-1,Kanban
Neon,1,09-03-2011,2011-1,Kanban
Neon,1,25-02-2011,2011-1,Kanban
Neon,4,28-02-2011,2011-1,Kanban
Neon,1,03-06-2011,2011-2,Kanban
Neon,2,10-03-2011,2011-1,Kanban
Neon,1,24-06-2011,2011-2,Kanban
Neon,3,23-05-2011,2011-2,Kanban
Neon,4,31-03-2011,2011-1,Kanban
Neon,7,13-05-2011,2011-2,Kanban
Neon,8,15-03-2011,2011-1,Kanban
Neon,2,17-03-2011,2011-1,Kanban
Neon,3,16-03-2011,2011-1,Kanban
Neon,6,21-03-2011,2011-1,Kanban
Neon,2,30-03-2011,2011-1,Kanban
Neon,5,28-03-2011,2011-1,Kanban
Neon,1,24-03-2011,2011-1,Kanban
Neon,3,29-03-2011,2011-1,Kanban
Neon,1,01-04-2011,2011-2,Kanban
Neon,2,06-04-2011,2011-2,Kanban
Neon,8,18-05-2011,2011-2,Kanban
Neon,1,22-09-2011,2011-3,Kanban
Neon,1,08-04-2011,2011-2,Kanban
Neon,2,07-04-2011,2011-2,Kanban
Neon,1,03-08-2011,2011-3,Kanban
Neon,2,23-06-2011,2011-2,Kanban
Neon,2,26-05-2011,2011-2,Kanban
Neon,3,08-06-2011,2011-2,Kanban
Neon,4,09-05-2011,2011-2,Kanban
Neon,3,27-05-2011,2011-2,Kanban
Neon,1,10-05-2011,2011-2,Kanban
Neon,2,17-05-2011,2011-2,Kanban
Neon,2,20-05-2011,2011-2,Kanban
Neon,3,12-05-2011,2011-2,Kanban
Neon,1,19-05-2011,2011-2,Kanban
Neon,1,21-09-2011,2011-3,Kanban
Neon,2,07-06-2011,2011-2,Kanban
Neon,1,06-06-2011,2011-2,Kanban
Neon,1,31-05-2011,2011-2,Kanban
Neon,1,17-06-2011,2011-2,Kanban
