62240,Automation,0,4,2011-4,07-11-2011, Feature 
62268,Automation,0,8,2011-4,01-12-2011, Feature 
62269,Automation,0,4,2011-4,08-11-2011, Feature 
62382,Automation,0,18,2011-4,10-11-2011, Feature 
62415,Automation,0,13,2011-4,11-11-2011, Feature 
62417,Automation,0,9,2011-4,15-11-2011, Feature 
62421,Automation,0,7,2011-4,15-11-2011, Bug 
62808,Automation,0,1,2011-4,23-11-2011, Feature 
62847,Automation,0,3,2013-1,02-02-2013, Bug 
62849,Automation,0,19,2011-4,25-11-2011, Feature 
62956,Automation,0,10,2011-4,28-11-2011, Feature 
62958,Automation,0,5,2011-4,28-11-2011, Feature 
62960,Automation,0,15,2011-4,06-12-2011, Feature 
62963,Automation,0,6,2011-4,21-12-2011, Feature 
62987,Automation,0,8,2011-4,13-12-2011, Feature 
62994,Automation,0,3,2011-4,29-11-2011, Feature 
63036,Automation,0,1,2011-4,01-12-2011, Feature 
63078,Automation,0,1,2011-4,01-12-2011, Feature 
63259,Automation,0,8,2011-4,19-12-2011, Feature 
63260,Automation,0,14,2011-4,07-12-2011, Feature 
63319,Automation,0,1,2011-4,13-12-2011, Feature 
63433,Automation,0,21,2011-4,13-12-2011, Feature 
63435,Automation,0,7,2011-4,14-12-2011, Feature 
63437,Automation,0,2,2011-4,14-12-2011, Feature 
63452,Automation,0,1,2011-4,13-12-2011, Feature 
63460,Automation,0,2,2011-4,14-12-2011, Feature 
63512,Automation,0,2,2011-4,14-12-2011, Feature 
63537,Automation,0,5,2011-4,15-12-2011, Feature 
63585,Automation,0,9,2012-1,05-01-2012, Feature 
63593,Automation,0,1,2011-4,19-12-2011, Feature 
63652,Automation,0,23,2011-4,27-12-2011, Feature 
63702,Automation,0,13,2011-4,22-12-2011, Feature 
63704,Automation,0,8,2011-4,26-12-2011, Feature 
63705,Automation,0,6,2011-4,22-12-2011, Feature 
63747,Automation,0,7,2011-4,26-12-2011, Feature 
63755,Automation,0,8,2011-4,27-12-2011, Feature 
63768,Automation,0,5,2011-4,28-12-2011, Feature 
63854,Automation,0,7,2012-1,03-01-2012, Feature 
63961,Automation,0,9,2012-1,04-01-2012, Feature 
63978,Automation,0,1,2012-1,17-01-2012, Feature 
63980,Automation,0,12,2012-1,04-01-2012, Feature 
64017,Automation,0,8,2012-1,05-01-2012, Feature 
64030,Automation,0,1,2012-1,09-01-2012, Feature 
64036,Automation,0,4,2012-1,16-01-2012, Feature 
64038,Automation,0,1,2012-3,28-08-2012, Feature 
64042,Automation,0,12,2012-1,19-01-2012, Feature 
64045,Automation,0,8,2012-1,23-01-2012, Feature 
64050,Automation,0,9,2012-3,29-08-2012, Feature 
64060,Automation,0,17,2012-1,20-03-2012, Feature 
64067,Automation,0,17,2012-1,20-03-2012, Feature 
64078,Automation,0,1,2012-3,28-08-2012, Feature 
64080,Automation,0,1,2012-3,28-08-2012, Feature 
64081,Automation,0,28,2012-1,09-02-2012, Feature 
64082,Automation,0,24,2012-1,13-03-2012, Feature 
64085,Automation,0,21,2012-1,16-03-2012, Feature 
64086,Automation,0,1,2012-3,28-08-2012, Feature 
64113,Automation,0,4,2012-1,09-01-2012, Feature 
64204,Automation,0,13,2012-1,11-01-2012, Bug 
64244,Automation,0,6,2012-1,13-01-2012, Feature 
64250,Automation,0,14,2012-1,03-02-2012, Feature 
64251,Automation,0,16,2012-1,01-02-2012, Feature 
64306,Automation,0,26,2012-1,13-01-2012, Feature 
64316,Automation,0,1,2012-1,16-01-2012, Feature 
64387,Automation,0,7,2012-1,18-01-2012, Feature 
64401,Automation,0,7,2012-1,17-01-2012, Feature 
64460,Automation,0,6,2012-1,04-02-2012, Bug 
64521,Automation,0,5,2012-1,20-01-2012, Feature 
64611,Automation,0,2,2012-1,24-01-2012, Feature 
64673,Automation,0,1,2012-1,25-01-2012, Feature 
64734,Automation,0,3,2012-1,31-01-2012, Feature 
64738,Automation,0,6,2012-1,04-02-2012, Feature 
64760,Automation,0,1,2012-1,30-01-2012, Feature 
64761,Automation,0,1,2012-1,30-01-2012, Feature 
64762,Automation,0,1,2012-1,30-01-2012, Feature 
64782,Automation,0,13,2012-2,21-04-2012, Feature 
64783,Automation,0,10,2012-1,31-01-2012, Bug 
64820,Automation,0,2,2012-1,31-01-2012, Feature 
64856,Automation,0,2,2012-1,01-02-2012, Feature 
64867,Automation,0,8,2012-1,02-02-2012, Feature 
64877,Automation,0,2,2012-1,02-02-2012, Feature 
64892,Automation,0,7,2012-1,02-02-2012, Feature 
65088,Automation,0,2,2012-1,07-02-2012, Feature 
65089,Automation,0,2,2012-1,07-02-2012, Feature 
65153,Automation,0,18,2012-1,09-02-2012, Feature 
65193,Automation,0,5,2012-1,10-02-2012, Feature 
65198,Automation,0,20,2012-1,10-02-2012, Bug 
65200,Automation,0,17,2012-1,10-02-2012, Feature 
65320,Automation,0,10,2012-1,15-02-2012, Feature 
65389,Automation,0,8,2012-1,16-02-2012, Feature 
65393,Automation,0,15,2012-1,17-02-2012, Feature 
65472,Automation,0,17,2012-1,21-02-2012, Feature 
65588,Automation,0,6,2012-1,21-02-2012, Feature 
65679,Automation,0,13,2012-1,24-02-2012, Feature 
65727,Automation,0,9,2012-1,29-02-2012, Feature 
65749,Automation,0,8,2012-1,29-02-2012, Feature 
65774,Automation,0,10,2012-1,29-02-2012, Feature 
65794,Automation,0,7,2012-1,29-02-2012, Feature 
65846,Automation,0,6,2012-1,01-03-2012, Feature 
65875,Automation,0,3,2012-2,07-04-2012, Feature 
65886,Automation,0,6,2012-1,02-03-2012, Bug 
65898,Automation,0,5,2012-1,02-03-2012, Bug 
65955,Automation,0,1,2012-2,10-04-2012, Feature 
66012,Automation,0,2,2012-1,06-03-2012, Feature 
66273,Automation,0,4,2012-1,12-03-2012, Feature 
66279,Automation,0,4,2012-1,12-03-2012, Feature 
66330,Automation,0,9,2012-1,13-03-2012, Bug 
66407,Automation,0,14,2012-1,15-03-2012, Feature 
66871,Automation,0,2,2012-1,27-03-2012, Feature 
66885,Automation,0,1,2012-2,26-06-2012, Feature 
66887,Automation,0,9,2012-1,28-03-2012, Feature 
66888,Automation,0,20,2012-2,13-04-2012, Feature 
66889,Automation,0,20,2012-2,25-05-2012, Feature 
66963,Automation,0,3,2012-2,07-04-2012, Feature 
66964,Automation,0,1,2012-2,26-06-2012, Feature 
66965,Automation,0,7,2012-1,30-03-2012, Feature 
67034,Automation,0,9,2012-2,02-04-2012, Feature 
67035,Automation,0,9,2012-2,02-04-2012, Feature 
67067,Automation,0,3,2012-2,07-04-2012, Feature 
67091,Automation,0,6,2012-2,04-04-2012, Feature 
67156,Automation,0,1,2012-2,09-04-2012, Feature 
67214,Automation,0,8,2012-2,11-04-2012, Feature 
67225,Automation,0,2,2012-2,17-04-2012, Feature 
67231,Automation,0,8,2012-2,12-04-2012, Feature 
67233,Automation,0,1,2012-2,26-06-2012, Feature 
67234,Automation,0,8,2012-2,12-04-2012, Feature 
67235,Automation,0,7,2012-2,12-04-2012, Feature 
67241,Automation,0,7,2012-2,12-04-2012, Feature 
67243,Automation,0,13,2012-2,20-04-2012, Feature 
67381,Automation,0,17,2012-2,21-04-2012, Feature 
67384,Automation,0,20,2012-2,19-04-2012, Feature 
67407,Automation,0,1,2012-2,03-05-2012, Feature 
67435,Automation,0,1,2012-2,20-04-2012, Feature 
67467,Automation,0,10,2012-2,23-04-2012, Feature 
67542,Automation,0,8,2012-2,04-05-2012, Feature 
67546,Automation,0,23,2012-2,16-05-2012, Feature 
67598,Automation,0,2,2012-2,08-05-2012, Feature 
67599,Automation,0,1,2012-2,26-06-2012, Feature 
67602,Automation,0,15,2012-2,27-04-2012, Feature 
67609,Automation,0,6,2012-2,04-05-2012, Feature 
67619,Automation,0,8,2012-3,02-08-2012, Feature 
67666,Automation,0,7,2012-2,02-05-2012, Feature 
67670,Automation,0,5,2012-2,04-05-2012, Feature 
67677,Automation,0,1,2012-2,02-05-2012, Feature 
67681,Automation,0,7,2012-2,05-05-2012, Feature 
67685,Automation,0,4,2012-2,08-05-2012, Feature 
67688,Automation,0,5,2012-2,15-06-2012, Feature 
67689,Automation,0,19,2012-2,03-05-2012, Feature 
67707,Automation,0,5,2012-2,03-05-2012, Feature 
67712,Automation,0,3,2012-3,28-07-2012, Feature 
67715,Automation,0,8,2012-2,03-05-2012, Feature 
67726,Automation,0,13,2012-2,04-05-2012, Feature 
67734,Automation,0,18,2012-2,04-05-2012, Feature 
67783,Automation,0,8,2012-2,08-05-2012, Feature 
67784,Automation,0,4,2012-2,08-05-2012, Feature 
67817,Automation,0,3,2012-2,09-05-2012, Feature 
67836,Automation,0,2,2012-2,09-05-2012, Feature 
67842,Automation,0,2,2012-2,10-05-2012, Feature 
67932,Automation,0,10,2012-2,11-05-2012, Feature 
67950,Automation,0,7,2012-2,15-05-2012, Feature 
67976,Automation,0,10,2012-2,15-05-2012, Feature 
67980,Automation,0,14,2012-2,16-05-2012, Feature 
67987,Automation,0,14,2012-2,16-05-2012, Feature 
68004,Automation,0,14,2012-2,16-05-2012, Feature 
68025,Automation,0,6,2012-2,16-05-2012, Feature 
68044,Automation,0,14,2012-2,17-05-2012, Feature 
68047,Automation,0,14,2012-2,19-05-2012, Feature 
68048,Automation,0,10,2012-2,26-05-2012, Feature 
68156,Automation,0,7,2012-2,23-05-2012, Feature 
68356,Automation,0,1,2012-2,28-05-2012, Feature 
68415,Automation,0,7,2012-2,02-06-2012, Feature 
68438,Automation,0,1,2012-2,01-06-2012, Feature 
68440,Automation,0,7,2012-2,01-06-2012, Feature 
68442,Automation,0,3,2012-2,01-06-2012, Feature 
68452,Automation,0,3,2012-2,01-06-2012, Feature 
68543,Automation,0,8,2012-2,06-06-2012, Feature 
68629,Automation,0,5,2012-2,08-06-2012, Feature 
68665,Automation,0,22,2012-2,11-06-2012, Feature 
68669,Automation,0,16,2012-2,11-06-2012, Feature 
68688,Automation,0,8,2012-2,11-06-2012, Feature 
68728,Automation,0,8,2012-2,12-06-2012, Feature 
68729,Automation,0,1,2012-2,13-06-2012, Feature 
68740,Automation,0,14,2012-2,13-06-2012, Feature 
68815,Automation,0,14,2012-2,13-06-2012, Feature 
68816,Automation,0,14,2012-2,13-06-2012, Feature 
68818,Automation,0,1,2012-2,26-06-2012, Feature 
68819,Automation,0,1,2012-2,26-06-2012, Feature 
68820,Automation,0,1,2012-2,26-06-2012, Feature 
68822,Automation,0,1,2012-2,26-06-2012, Feature 
68823,Automation,0,1,2012-2,26-06-2012, Feature 
68824,Automation,0,8,2012-2,19-06-2012, Feature 
68825,Automation,0,1,2012-2,26-06-2012, Feature 
68826,Automation,0,11,2012-2,16-06-2012, Feature 
68827,Automation,0,14,2012-2,13-06-2012, Feature 
68842,Automation,0,2,2012-2,13-06-2012, Feature 
68869,Automation,0,1,2012-2,26-06-2012, Feature 
68994,Automation,0,8,2012-2,19-06-2012, Feature 
69049,Automation,0,7,2012-2,20-06-2012, Feature 
69057,Automation,0,1,2012-2,26-06-2012, Feature 
69354,Automation,0,18,2012-2,29-06-2012, Feature 
69492,Automation,0,5,2012-3,05-07-2012, Feature 
69493,Automation,0,12,2012-3,05-07-2012, Feature 
69504,Automation,0,7,2012-3,05-07-2012, Bug 
69535,Automation,0,6,2012-3,06-07-2012, Feature 
69616,Automation,0,7,2012-3,10-07-2012, Feature 
69619,Automation,0,1,2013-2,05-04-2013, Feature 
69689,Automation,0,5,2012-3,12-07-2012, Feature 
69690,Automation,0,27,2012-3,14-07-2012, Feature 
69691,Automation,0,1,2013-1,01-02-2013, Feature 
69692,Automation,0,23,2012-3,18-07-2012, Feature 
69792,Automation,0,9,2012-3,17-07-2012, Feature 
69855,Automation,0,17,2012-3,23-07-2012, Feature 
69998,Automation,0,20,2012-3,02-08-2012, Feature 
70019,Automation,0,1,2012-3,02-08-2012, Feature 
70160,Automation,0,15,2012-3,07-08-2012, Feature 
70200,Automation,0,1,2012-3,28-08-2012, Feature 
70216,Automation,0,13,2012-3,09-08-2012, Feature 
70290,Automation,0,7,2012-3,16-08-2012, Feature 
70666,Automation,0,11,2012-3,24-08-2012, Feature 
70718,Automation,0,8,2012-3,27-08-2012, Feature 
70751,Automation,0,11,2012-3,28-08-2012, Feature 
70756,Automation,0,1,2012-3,28-08-2012, Feature 
70757,Automation,0,1,2012-3,28-08-2012, Feature 
70758,Automation,0,9,2012-3,28-08-2012, Feature 
70784,Automation,0,9,2012-3,28-08-2012, Feature 
70808,Automation,0,8,2012-3,30-08-2012, Feature 
70896,Automation,0,6,2012-3,06-09-2012, Feature 
70901,Automation,0,6,2012-3,31-08-2012, Feature 
70996,Automation,0,1,2012-3,26-09-2012, Feature 
71058,Automation,0,2,2012-3,05-09-2012, Feature 
71071,Automation,0,1,2012-3,05-09-2012, Feature 
71116,Automation,0,7,2012-3,07-09-2012, Feature 
71137,Automation,0,7,2012-3,08-09-2012, Feature 
71209,Automation,0,1,2012-3,11-09-2012, Feature 
71234,Automation,0,6,2012-3,22-09-2012, Feature 
71237,Automation,0,6,2012-3,12-09-2012, Feature 
71238,Automation,0,6,2012-3,12-09-2012, Feature 
71300,Automation,0,11,2012-3,14-09-2012, Bug 
71309,Automation,0,10,2012-3,17-09-2012, Feature 
71352,Automation,0,7,2012-3,17-09-2012, Bug 
71356,Automation,0,10,2012-3,17-09-2012, Bug 
71456,Automation,0,6,2012-3,19-09-2012, Bug 
71495,Automation,0,7,2012-3,21-09-2012, Feature 
71521,Automation,0,1,2012-4,25-10-2012, Feature 
71524,Automation,0,5,2012-3,22-09-2012, Bug 
71533,Automation,0,4,2012-3,21-09-2012, Feature 
71579,Automation,0,2,2012-4,11-12-2012, Bug 
71668,Automation,0,13,2012-3,26-09-2012, Feature 
71697,Automation,0,1,2012-3,26-09-2012, Feature 
71700,Automation,0,5,2012-4,06-10-2012, Feature 
71753,Automation,0,1,2012-3,27-09-2012, Bug 
71995,Automation,0,4,2013-1,26-01-2013, Feature 
72025,Automation,0,12,2012-4,10-11-2012, Feature 
72029,Automation,0,6,2012-4,04-10-2012, Feature 
72054,Automation,0,1,2012-4,23-10-2012, Feature 
72099,Automation,0,7,2012-4,17-10-2012, Bug 
72229,Automation,0,1,2012-4,09-10-2012, Feature 
72258,Automation,0,2,2012-4,07-11-2012, Feature 
72291,Automation,0,5,2012-4,11-10-2012, Feature 
72330,Automation,0,8,2012-4,12-10-2012, Feature 
72355,Automation,0,13,2012-4,19-10-2012, Feature 
72618,Automation,0,6,2012-4,19-10-2012, Feature 
72690,Automation,0,1,2012-4,23-10-2012, Feature 
72699,Automation,0,3,2012-4,23-10-2012, Feature 
72702,Automation,0,4,2012-4,23-10-2012, Feature 
72751,Automation,0,11,2012-4,10-11-2012, Feature 
72756,Automation,0,1,2012-4,25-10-2012, Feature 
72760,Automation,0,26,2012-4,25-10-2012, Feature 
72761,Automation,0,18,2012-4,25-10-2012, Feature 
72837,Automation,0,11,2012-4,27-10-2012, Feature 
72859,Automation,0,2,2012-4,29-10-2012, Feature 
72864,Automation,0,1,2012-4,02-11-2012, Feature 
72939,Automation,0,1,2012-4,31-10-2012, Feature 
73029,Automation,0,5,2012-4,03-11-2012, Bug 
73088,Automation,0,5,2012-4,10-11-2012, Feature 
73090,Automation,0,6,2013-1,17-01-2013, Feature 
73120,Automation,0,2,2012-4,07-11-2012, Feature 
73234,Automation,0,13,2012-4,08-11-2012, Bug 
73247,Automation,0,1,2013-1,15-01-2013, Feature 
73248,Automation,0,12,2012-4,22-11-2012, Feature 
73273,Automation,0,7,2012-4,09-11-2012, Feature 
73342,Automation,0,11,2012-4,17-11-2012, Feature 
73370,Automation,0,4,2012-4,16-11-2012, Bug 
73372,Automation,0,4,2012-4,16-11-2012, Bug 
73435,Automation,0,6,2012-4,22-11-2012, Feature 
73487,Automation,0,2,2012-4,12-12-2012, Feature 
73523,Automation,0,6,2012-4,23-11-2012, Feature 
73588,Automation,0,6,2012-4,23-11-2012, Feature 
73597,Automation,0,6,2012-4,23-11-2012, Feature 
73599,Automation,0,6,2012-4,29-11-2012, Feature 
73605,Automation,0,6,2012-4,23-11-2012, Feature 
73652,Automation,0,11,2012-4,01-12-2012, Feature 
73685,Automation,0,6,2013-1,05-01-2013, Feature 
73692,Automation,0,12,2012-4,30-11-2012, Bug 
73693,Automation,0,3,2012-4,01-12-2012, Bug 
73704,Automation,0,6,2012-4,28-11-2012, Feature 
73710,Automation,0,1,2012-4,27-11-2012, Feature 
73724,Automation,0,1,2012-4,28-11-2012, Feature 
73744,Automation,0,7,2012-4,29-11-2012, Feature 
73753,Automation,0,1,2012-4,05-12-2012, Feature 
73758,Automation,0,12,2012-4,30-11-2012, Feature 
73762,Automation,0,10,2012-4,01-12-2012, Feature 
73777,Automation,0,2,2012-4,06-12-2012, Bug 
73804,Automation,0,8,2012-4,06-12-2012, Feature 
73806,Automation,0,8,2012-4,04-12-2012, Feature 
73838,Automation,0,8,2012-4,04-12-2012, Feature 
73842,Automation,0,8,2013-1,01-01-2013, Feature 
73993,Automation,0,6,2012-4,07-12-2012, Bug 
74077,Automation,0,2,2012-4,10-12-2012, Feature 
74125,Automation,0,7,2012-4,29-12-2012, Feature 
74143,Automation,0,3,2012-4,11-12-2012, Feature 
74246,Automation,0,18,2013-1,15-01-2013, Feature 
74277,Automation,0,9,2013-1,15-01-2013, Feature 
74365,Automation,0,1,2012-4,14-12-2012, Bug 
74376,Automation,0,8,2013-1,23-01-2013, Feature 
74455,Automation,0,6,2013-1,05-01-2013, Bug 
74561,Automation,0,26,2012-4,20-12-2012, Feature 
74562,Automation,0,1,2012-4,26-12-2012, Feature 
74567,Automation,0,1,2013-1,15-01-2013, Feature 
74593,Automation,0,8,2012-4,21-12-2012, Feature 
74662,Automation,0,6,2012-4,27-12-2012, Feature 
74683,Automation,0,8,2012-4,31-12-2012, Feature 
74773,Automation,0,1,2013-1,04-01-2013, Feature 
74823,Automation,0,7,2013-1,04-01-2013, Feature 
74841,Automation,0,18,2013-1,05-01-2013, Feature 
74849,Automation,0,8,2013-1,15-01-2013, Feature 
74861,Automation,0,4,2013-1,07-01-2013, Feature 
74867,Automation,0,1,2013-1,16-01-2013, Bug 
74869,Automation,0,3,2013-1,07-01-2013, Bug 
74892,Automation,0,2,2013-1,08-01-2013, Feature 
74894,Automation,0,3,2013-1,08-01-2013, Feature 
74934,Automation,0,8,2013-1,09-01-2013, Feature 
74945,Automation,0,1,2013-1,09-01-2013, Feature 
74967,Automation,0,1,2013-1,10-01-2013, Bug 
74972,Automation,0,7,2013-1,24-01-2013, Bug 
75035,Automation,0,12,2013-1,11-01-2013, Bug 
75037,Automation,0,5,2013-1,11-01-2013, Feature 
75256,Automation,0,12,2013-1,18-01-2013, Bug 
75302,Automation,0,10,2013-1,21-01-2013, Feature 
75441,Automation,0,7,2013-1,23-01-2013, Feature 
75524,Automation,0,2,2013-1,28-01-2013, Bug 
75596,Automation,0,1,2013-1,29-01-2013, Feature 
75696,Automation,0,3,2013-1,02-02-2013, Bug 
75709,Automation,0,4,2013-1,01-02-2013, Bug 
75765,Automation,0,4,2013-1,02-03-2013, Bug 
75773,Automation,0,1,2013-1,05-02-2013, Feature 
75816,Automation,0,9,2013-1,07-02-2013, Feature 
75836,Automation,0,7,2013-1,27-02-2013, Bug 
75923,Automation,0,1,2013-1,26-02-2013, Feature 
75979,Automation,0,6,2013-1,13-02-2013, Feature 
76020,Automation,0,6,2013-1,13-02-2013, Feature 
76021,Automation,0,1,2013-1,11-02-2013, Feature 
76161,Automation,0,1,2013-1,05-03-2013, Feature 
76456,Automation,0,1,2013-2,05-04-2013, Feature 
76466,Automation,0,5,2013-1,25-02-2013, Feature 
76534,Automation,0,4,2013-1,02-03-2013, Feature 
76578,Automation,0,14,2013-1,01-03-2013, Feature 
76600,Automation,0,9,2013-1,13-03-2013, Feature 
76715,Automation,0,2,2013-1,04-03-2013, Feature 
76724,Automation,0,10,2013-1,04-03-2013, Feature 
76817,Automation,0,21,2013-1,06-03-2013, Feature 
76825,Automation,0,1,2013-1,06-03-2013, Feature 
76829,Automation,0,8,2013-1,06-03-2013, Feature 
76878,Automation,0,1,2013-1,15-03-2013, Feature 
76921,Automation,0,15,2013-1,11-03-2013, Feature 
76954,Automation,0,3,2013-1,12-03-2013, Feature 
76955,Automation,0,3,2013-1,12-03-2013, Feature 
76988,Automation,0,10,2013-1,13-03-2013, Feature 
76989,Automation,0,8,2013-1,15-03-2013, Feature 
76990,Automation,0,8,2013-1,15-03-2013, Feature 
76991,Automation,0,8,2013-1,15-03-2013, Feature 
76992,Automation,0,7,2013-1,15-03-2013, Feature 
77012,Automation,0,2,2013-1,13-03-2013, Feature 
77033,Automation,0,9,2013-1,14-03-2013, Feature 
77039,Automation,0,7,2013-1,20-03-2013, Feature 
77041,Automation,0,6,2013-1,21-03-2013, Feature 
77169,Automation,0,1,2013-1,20-03-2013, Feature 
77225,Automation,0,5,2013-1,22-03-2013, Bug 
77274,Automation,0,4,2013-1,22-03-2013, Feature 
77379,Automation,0,5,2013-1,27-03-2013, Bug 
77400,Automation,0,4,2013-1,28-03-2013, Feature 
77493,Automation,0,2,2013-2,03-04-2013, Bug 
77520,Automation,0,5,2013-2,04-04-2013, Feature 
59420,Automation,0,1,2013-4,19-10-2013, Feature 
59529,Automation,0,1,2013-4,19-10-2013, Feature 
60489,Automation,0,1,2013-4,19-10-2013, Feature 
61304,Automation,0,1,2013-4,19-10-2013, Feature 
63704,Automation,0,1,2013-4,19-10-2013, Feature 
66871,Automation,0,1,2013-4,19-10-2013, Feature 
67381,Automation,0,1,2013-4,19-10-2013, Feature 
67670,Automation,0,1,2013-4,19-10-2013, Feature 
67681,Automation,0,1,2013-4,19-10-2013, Feature 
67685,Automation,0,1,2013-4,19-10-2013, Feature 
67688,Automation,0,1,2013-4,19-10-2013, Feature 
67689,Automation,0,1,2013-4,19-10-2013, Feature 
67712,Automation,0,1,2013-4,19-10-2013, Feature 
69057,Automation,0,1,2013-4,19-10-2013, Feature 
71309,Automation,0,1,2013-4,19-10-2013, Feature 
71995,Automation,0,1,2013-4,19-10-2013, Feature 
72054,Automation,0,1,2013-4,19-10-2013, Feature 
72702,Automation,0,1,2013-4,19-10-2013, Feature 
72794,Automation,0,1,2013-4,19-10-2013, Feature 
73523,Automation,0,1,2013-4,19-10-2013, Feature 
73685,Automation,0,1,2013-4,19-10-2013, Feature 
73762,Automation,0,1,2013-4,19-10-2013, Feature 
74143,Automation,0,1,2013-4,19-10-2013, Feature 
74861,Automation,0,1,2013-4,19-10-2013, Feature 
74945,Automation,0,1,2013-4,19-10-2013, Feature 
75596,Automation,0,1,2013-4,19-10-2013, Feature 
76020,Automation,0,1,2013-4,19-10-2013, Feature 
76380,Automation,0,1,2013-4,19-10-2013, Feature 
76466,Automation,0,1,2013-4,19-10-2013, Feature 
77187,Automation,0,1,2013-4,19-10-2013, Feature 
77670,Automation,0,14,2013-2,10-04-2013, Feature 
77731,Automation,0,8,2013-2,12-04-2013, Feature 
77817,Automation,0,6,2013-2,17-04-2013, Feature 
77867,Automation,0,19,2013-2,18-04-2013, Bug 
77874,Automation,0,1,2013-2,18-04-2013, Feature 
77903,Automation,0,11,2013-2,19-04-2013, Feature 
78166,Automation,0,8,2013-2,29-04-2013, Feature 
78429,Automation,0,3,2013-2,07-05-2013, Feature 
78673,Automation,0,13,2013-2,14-05-2013, Bug 
78680,Automation,0,7,2013-2,21-05-2013, Feature 
78775,Automation,0,2,2013-2,21-05-2013, Feature 
79188,Automation,0,1,2013-4,19-10-2013, Feature 
79405,Automation,0,9,2013-2,06-06-2013, Feature 
79844,Automation,0,7,2013-2,20-06-2013, Feature 
79848,Automation,0,1,2013-3,01-07-2013, Feature 
79892,Automation,0,8,2013-2,25-06-2013, Feature 
79971,Automation,0,2,2013-3,04-07-2013, Bug 
79980,Automation,0,7,2013-2,25-06-2013, Feature 
79981,Automation,0,9,2013-2,25-06-2013, Feature 
79983,Automation,0,1,2013-4,19-10-2013, Feature 
79987,Automation,0,25,2013-3,04-07-2013, Bug 
79995,Automation,0,7,2013-2,25-06-2013, Feature 
80036,Automation,0,1,2013-2,26-06-2013, Bug 
80103,Automation,0,7,2013-2,28-06-2013, Feature 
80108,Automation,0,21,2013-2,28-06-2013, Feature 
80110,Automation,0,13,2013-2,28-06-2013, Feature 
80170,Automation,0,2,2013-3,01-07-2013, Feature 
80200,Automation,0,3,2013-3,02-07-2013, Feature 
80233,Automation,0,8,2013-3,13-08-2013, Feature 
80511,Automation,0,1,2013-4,19-10-2013, Feature 
80512,Automation,0,1,2013-4,19-10-2013, Feature 
80514,Automation,0,1,2013-4,19-10-2013, Feature 
80532,Automation,0,18,2013-3,12-07-2013, Feature 
80579,Automation,0,11,2013-3,15-07-2013, Bug 
80595,Automation,0,6,2013-3,16-07-2013, Feature 
80631,Automation,0,2,2013-3,17-07-2013, Feature 
80688,Automation,0,6,2013-3,20-07-2013, Feature 
80785,Automation,0,1,2013-4,19-10-2013, Feature 
80824,Automation,0,2,2013-3,29-07-2013, Feature 
80873,Automation,0,2,2013-3,31-07-2013, Feature 
80875,Automation,0,6,2013-3,31-07-2013, Feature 
80904,Automation,0,5,2013-3,01-08-2013, Feature 
80905,Automation,0,26,2013-3,01-08-2013, Feature 
80978,Automation,0,12,2013-3,05-08-2013, Bug 
81086,Automation,0,28,2013-3,28-08-2013, Bug 
81219,Automation,0,4,2013-3,16-08-2013, Feature 
81220,Automation,0,4,2013-3,16-08-2013, Bug 
81296,Automation,0,5,2013-3,20-08-2013, Bug 
81306,Automation,0,1,2013-3,20-08-2013, Feature 
81310,Automation,0,14,2013-3,20-08-2013, Bug 
81311,Automation,0,8,2013-3,21-08-2013, Feature 
81319,Automation,0,1,2013-3,21-08-2013, Bug 
81349,Automation,0,4,2013-3,21-08-2013, Feature 
81368,Automation,0,6,2013-3,22-08-2013, Feature 
81397,Automation,0,16,2013-3,25-08-2013, Feature 
81698,Automation,0,14,2013-3,06-09-2013, Bug 
81816,Automation,0,13,2013-3,12-09-2013, Feature 
81822,Automation,0,15,2013-3,27-09-2013, Bug 
81842,Automation,0,2,2013-3,16-09-2013, Feature 
81853,Automation,0,14,2013-3,13-09-2013, Bug 
81897,Automation,0,7,2013-3,17-09-2013, Feature 
81903,Automation,0,10,2013-3,17-09-2013, Bug 
81908,Automation,0,3,2013-3,17-09-2013, Feature 
81925,Automation,0,8,2013-3,17-09-2013, Feature 
81931,Automation,0,1,2013-3,19-09-2013, Feature 
82113,Automation,0,4,2013-3,23-09-2013, Feature 
82186,Automation,0,6,2013-3,25-09-2013, Bug 
82187,Automation,0,1,2013-4,19-10-2013, Feature 
82202,Automation,0,8,2013-3,25-09-2013, Bug 
82376,Automation,0,1,2013-4,19-10-2013, Feature 
82377,Automation,0,1,2013-4,19-10-2013, Feature 
82379,Automation,0,1,2013-4,19-10-2013, Feature 
82380,Automation,0,1,2013-4,19-10-2013, Feature 
82522,Automation,0,8,2013-4,17-10-2013, Feature 
82546,Automation,0,2,2013-4,10-10-2013, Feature 
82635,Automation,0,1,2013-4,15-10-2013, Feature 
82824,Automation,0,6,2013-4,23-10-2013, Feature 
82831,Automation,0,5,2013-4,23-10-2013, Feature 
82868,Automation,0,13,2013-4,24-10-2013, Feature 
82944,Automation,0,9,2013-4,28-10-2013, Bug 
82978,Automation,0,9,2013-4,29-10-2013, Feature 
83009,Automation,0,1,2013-4,18-11-2013, Bug 
83030,Automation,0,1,2013-4,30-10-2013, Bug 
83207,Automation,0,9,2013-4,07-11-2013, Feature 
83210,Automation,0,1,2013-4,07-11-2013, Bug 
83267,Automation,0,4,2013-4,08-11-2013, Feature 
83366,Automation,0,2,2013-4,12-11-2013, Feature 
83378,Automation,0,6,2013-4,12-11-2013, Feature 
83478,Automation,0,5,2013-4,14-11-2013, Feature 
83522,Automation,0,8,2013-4,09-12-2013, Feature 
83525,Automation,0,5,2013-4,15-11-2013, Feature 
83569,Automation,0,21,2013-4,18-11-2013, Bug 
83598,Automation,0,7,2013-4,19-11-2013, Feature 
83599,Automation,0,7,2013-4,19-11-2013, Feature 
83639,Automation,0,6,2013-4,20-11-2013, Feature 
83671,Automation,0,9,2013-4,20-11-2013, Feature 
83777,Automation,0,1,2013-4,25-11-2013, Feature 
83913,Automation,0,7,2013-4,03-12-2013, Bug 
83970,Automation,0,6,2013-4,04-12-2013, Bug 
83974,Automation,0,2,2013-4,04-12-2013, Bug 
83990,Automation,0,1,2013-4,05-12-2013, Feature 
83999,Automation,0,19,2013-4,05-12-2013, Feature 
84024,Automation,0,4,2013-4,20-12-2013, Feature 
84379,Automation,0,7,2013-4,17-12-2013, Feature 
84397,Automation,0,3,2013-4,17-12-2013, Feature 
84419,Automation,0,2,2013-4,18-12-2013, Feature 
84444,Automation,0,6,2013-4,18-12-2013, Feature 
84483,Automation,0,4,2013-4,20-12-2013, Feature 
84544,Automation,0,2,2013-4,24-12-2013, Feature 
23461,Automation,1,2,2010-4,21-10-2010, Feature 
24394,Automation,1,1,2010-3,17-09-2010, Feature 
26590,Automation,1,4,2010-4,29-10-2010, Feature 
28746,Automation,1,1,2010-4,10-11-2010, Feature 
29307,Automation,1,6,2010-4,17-11-2010, Feature 
35064,Automation,1,1,2010-4,21-12-2010, Feature 
35288,Automation,1,1,2010-4,23-12-2010, Feature 
45604,Automation,1,5,2011-1,17-02-2011, Feature 
49352,Automation,1,14,2011-1,08-03-2011, Feature 
53492,Automation,1,5,2011-1,28-03-2011, Feature 
56821,Automation,1,6,2011-2,12-04-2011, Feature 
56922,Automation,1,7,2011-2,15-04-2011, Feature 
62414,Automation,1,13,2011-4,11-11-2011, Bug 
63329,Automation,1,6,2011-4,09-12-2011, Feature 
65954,Automation,1,2,2012-1,05-03-2012, Feature 
66229,Automation,1,11,2012-1,12-03-2012, Feature 
67691,Automation,1,7,2012-2,15-05-2012, Feature 
68831,Automation,1,11,2012-2,16-06-2012, Feature 
69854,Automation,1,17,2012-3,23-07-2012, Feature 
70950,Automation,1,10,2012-3,02-09-2012, Bug 
72982,Automation,1,1,2012-4,31-10-2012, Bug 
73696,Automation,1,9,2012-4,27-11-2012, Feature 
75433,Automation,1,5,2013-1,24-01-2013, Feature 
76437,Automation,1,3,2013-1,23-02-2013, Feature 
76773,Automation,1,8,2013-1,04-03-2013, Bug 
77079,Automation,1,3,2013-1,15-03-2013, Bug 
77230,Automation,1,3,2013-1,23-03-2013, Feature 
70808,Automation,1,1,2013-4,19-10-2013, Feature 
78017,Automation,1,4,2013-3,09-08-2013, Feature 
80998,Automation,1,7,2013-3,06-08-2013, Feature 
81487,Automation,1,13,2013-3,28-08-2013, Feature 
81685,Automation,1,5,2013-3,05-09-2013, Bug 
82662,Automation,1,2,2013-4,16-10-2013, Bug 
82697,Automation,1,6,2013-4,17-10-2013, Feature 
83037,Automation,1,21,2013-4,18-11-2013, Bug 
83571,Automation,1,8,2013-4,18-11-2013, Feature 
83724,Automation,1,20,2013-4,22-11-2013, Feature 
83775,Automation,1,1,2013-4,25-11-2013, Feature 
84227,Automation,1,2,2013-4,11-12-2013, Bug 
24398,Automation,2,5,2010-3,16-09-2010, Feature 
24752,Automation,2,1,2010-3,28-09-2010, Bug 
25918,Automation,2,1,2010-4,27-10-2010, Feature 
31274,Automation,2,2,2010-4,25-11-2010, Feature 
40494,Automation,2,1,2011-1,21-01-2011, Feature 
58441,Automation,2,5,2013-1,19-01-2013, Bug 
69094,Automation,2,1,2012-2,26-06-2012, Feature 
69837,Automation,2,7,2012-3,20-07-2012, Feature 
70308,Automation,2,6,2012-3,16-08-2012, Bug 
71003,Automation,2,6,2012-3,06-09-2012, Feature 
71125,Automation,2,5,2012-3,07-09-2012, Feature 
73010,Automation,2,1,2012-4,01-11-2012, Bug 
73022,Automation,2,3,2012-4,02-11-2012, Feature 
73173,Automation,2,20,2012-4,07-11-2012, Feature 
73261,Automation,2,11,2012-4,09-11-2012, Feature 
74573,Automation,2,26,2012-4,20-12-2012, Bug 
74667,Automation,2,5,2012-4,28-12-2012, Feature 
75067,Automation,2,1,2013-1,15-01-2013, Bug 
75581,Automation,2,15,2013-1,29-01-2013, Feature 
75908,Automation,2,5,2013-1,08-02-2013, Bug 
75945,Automation,2,1,2013-1,12-02-2013, Bug 
76488,Automation,2,9,2013-1,25-02-2013, Feature 
76772,Automation,2,2,2013-1,18-03-2013, Bug 
77074,Automation,2,5,2013-1,15-03-2013, Feature 
77311,Automation,2,1,2013-1,25-03-2013, Feature 
77321,Automation,2,1,2013-1,25-03-2013, Bug 
77417,Automation,2,5,2013-1,29-03-2013, Bug 
76013,Automation,2,12,2013-3,01-08-2013, Bug 
77873,Automation,2,1,2013-2,18-04-2013, Feature 
78371,Automation,2,2,2013-2,04-05-2013, Feature 
78635,Automation,2,7,2013-2,13-05-2013, Feature 
79699,Automation,2,11,2013-2,14-06-2013, Bug 
79889,Automation,2,3,2013-2,26-06-2013, Bug 
81106,Automation,2,2,2013-3,12-08-2013, Bug 
81702,Automation,2,4,2013-3,06-09-2013, Bug 
82766,Automation,2,3,2013-4,21-10-2013, Feature 
83202,Automation,2,5,2013-4,29-11-2013, Bug 
83839,Automation,2,4,2013-4,29-11-2013, Feature 
84435,Automation,2,12,2013-4,18-12-2013, Bug 
24260,Automation,3,3,2010-3,14-09-2010, Feature 
25952,Automation,3,1,2010-4,27-10-2010, Feature 
30625,Automation,3,1,2010-4,23-11-2010, Feature 
38366,Automation,3,22,2011-1,03-03-2011, Feature 
52955,Automation,3,15,2011-2,18-04-2011, Feature 
53559,Automation,3,1,2011-1,29-03-2011, Feature 
58558,Automation,3,1,2011-2,16-06-2011, Feature 
64776,Automation,3,1,2012-1,31-01-2012, Feature 
65096,Automation,3,1,2012-1,08-02-2012, Feature 
67973,Automation,3,7,2012-2,15-05-2012, Feature 
72971,Automation,3,7,2012-4,02-11-2012, Feature 
74064,Automation,3,5,2012-4,08-12-2012, Feature 
75295,Automation,3,2,2013-1,19-01-2013, Bug 
75314,Automation,3,2,2013-1,21-01-2013, Bug 
80462,Automation,3,6,2013-3,10-07-2013, Feature 
81602,Automation,3,16,2013-3,02-09-2013, Bug 
82409,Automation,3,5,2013-4,04-10-2013, Bug 
82748,Automation,3,1,2013-4,21-10-2013, Feature 
82898,Automation,3,12,2013-4,25-10-2013, Bug 
83595,Automation,3,8,2013-4,19-11-2013, Feature 
83849,Automation,3,4,2013-4,29-11-2013, Feature 
84229,Automation,3,2,2013-4,11-12-2013, Bug 
24258,Automation,4,3,2010-3,14-09-2010, Feature 
25548,Automation,4,5,2010-4,22-10-2010, Feature 
30231,Automation,4,1,2010-4,18-11-2010, Feature 
49605,Automation,4,15,2011-1,09-03-2011, Feature 
58404,Automation,4,2,2011-2,14-06-2011, Feature 
60140,Automation,4,5,2011-3,29-08-2011, Feature 
62499,Automation,4,9,2011-4,15-11-2011, Feature 
62995,Automation,4,2,2011-4,29-11-2011, Feature 
63639,Automation,4,8,2011-4,20-12-2011, Feature 
69810,Automation,4,5,2012-3,18-07-2012, Feature 
72217,Automation,4,2,2012-4,08-10-2012, Feature 
73467,Automation,4,2,2012-4,19-11-2012, Feature 
73543,Automation,4,2,2012-4,21-11-2012, Feature 
73594,Automation,4,5,2012-4,23-11-2012, Feature 
75578,Automation,4,2,2013-1,29-01-2013, Feature 
76399,Automation,4,3,2013-1,20-02-2013, Feature 
76474,Automation,4,8,2013-1,25-02-2013, Feature 
72217,Automation,4,1,2013-4,19-10-2013, Feature 
78519,Automation,4,1,2013-2,14-05-2013, Bug 
78896,Automation,4,20,2013-2,22-05-2013, Feature 
80221,Automation,4,10,2013-3,02-07-2013, Bug 
83793,Automation,4,3,2013-4,26-11-2013, Bug 
83850,Automation,4,6,2013-4,29-11-2013, Feature 
24616,Automation,5,1,2010-3,23-09-2010, Bug 
28622,Automation,5,7,2010-4,09-11-2010, Feature 
37296,Automation,5,1,2011-1,04-01-2011, Bug 
58467,Automation,5,8,2011-2,23-06-2011, Feature 
62416,Automation,5,13,2011-4,11-11-2011, Feature 
63598,Automation,5,9,2011-4,20-12-2011, Feature 
71699,Automation,5,8,2012-4,03-10-2012, Feature 
71752,Automation,5,22,2012-3,27-09-2012, Feature 
73017,Automation,5,3,2012-4,02-11-2012, Feature 
73649,Automation,5,12,2012-4,30-11-2012, Feature 
74396,Automation,5,22,2012-4,17-12-2012, Bug 
75590,Automation,5,1,2013-1,29-01-2013, Bug 
79659,Automation,5,8,2013-2,13-06-2013, Feature 
80097,Automation,5,2,2013-3,09-07-2013, Bug 
81693,Automation,5,4,2013-3,06-09-2013, Feature 
82751,Automation,5,1,2013-4,22-10-2013, Bug 
82903,Automation,5,18,2013-4,25-10-2013, Bug 
24674,Automation,6,1,2010-3,24-09-2010, Bug 
30149,Automation,6,9,2010-4,17-11-2010, Feature 
37661,Automation,6,5,2011-1,06-01-2011, Feature 
60180,Automation,6,4,2011-3,30-08-2011, Feature 
81262,Automation,6,1,2013-3,19-08-2013, Feature 
81334,Automation,6,1,2013-3,21-08-2013, Feature 
81583,Automation,6,3,2013-3,02-09-2013, Feature 
82544,Automation,6,5,2013-4,11-10-2013, Bug 
82899,Automation,6,5,2013-4,25-10-2013, Feature 
83097,Automation,6,1,2013-4,01-11-2013, Bug 
37048,Automation,7,3,2011-1,03-01-2011, Feature 
52548,Automation,7,3,2011-1,23-03-2011, Feature 
61964,Automation,7,4,2011-4,02-11-2011, Feature 
67698,Automation,7,7,2012-2,05-05-2012, Feature 
71798,Automation,7,13,2012-3,28-09-2012, Feature 
72880,Automation,7,2,2012-4,30-10-2012, Feature 
73562,Automation,7,12,2012-4,22-11-2012, Feature 
74395,Automation,7,1,2013-1,16-01-2013, Feature 
75064,Automation,7,4,2013-1,11-01-2013, Feature 
78095,Automation,7,8,2013-2,26-04-2013, Feature 
82021,Automation,7,4,2013-3,20-09-2013, Feature 
83673,Automation,7,7,2013-4,22-11-2013, Feature 
24268,Automation,8,2,2010-3,14-09-2010, Feature 
64482,Automation,8,6,2012-1,19-01-2012, Feature 
73555,Automation,8,6,2012-4,23-11-2012, Feature 
75271,Automation,8,2,2013-1,23-01-2013, Bug 
76329,Automation,8,7,2013-1,18-02-2013, Feature 
78947,Automation,8,4,2013-2,23-05-2013, Feature 
80668,Automation,8,1,2013-3,19-07-2013, Feature 
83568,Automation,8,22,2013-4,18-11-2013, Bug 
83727,Automation,8,7,2013-4,22-11-2013, Feature 
84345,Automation,8,1,2013-4,16-12-2013, Feature 
66784,Automation,9,9,2012-1,22-03-2012, Feature 
68806,Automation,9,13,2012-2,14-06-2012, Feature 
71707,Automation,9,9,2012-4,20-11-2012, Feature 
72816,Automation,9,10,2012-4,26-10-2012, Bug 
73903,Automation,9,1,2012-4,04-12-2012, Bug 
76536,Automation,9,1,2013-1,26-02-2013, Bug 
77183,Automation,9,6,2013-1,20-03-2013, Bug 
78097,Automation,9,6,2013-2,26-04-2013, Feature 
79046,Automation,9,1,2013-2,27-05-2013, Feature 
81735,Automation,9,1,2013-3,09-09-2013, Feature 
83523,Automation,9,11,2013-4,15-11-2013, Bug 
84429,Automation,9,2,2013-4,18-12-2013, Feature 
24374,Automation,10,8,2010-3,16-09-2010, Feature 
67229,Automation,10,7,2012-2,12-04-2012, Feature 
71039,Automation,10,8,2012-3,04-09-2012, Feature 
73170,Automation,10,2,2012-4,07-11-2012, Bug 
73188,Automation,10,7,2012-4,08-11-2012, Bug 
73461,Automation,10,1,2012-4,19-11-2012, Feature 
74501,Automation,10,10,2012-4,19-12-2012, Bug 
75426,Automation,10,8,2013-1,23-01-2013, Feature 
75470,Automation,10,7,2013-1,02-02-2013, Feature 
76671,Automation,10,3,2013-1,02-03-2013, Bug 
77305,Automation,10,10,2013-1,26-03-2013, Feature 
81250,Automation,10,1,2013-3,19-08-2013, Feature 
46501,Automation,11,2,2011-1,22-02-2011, Bug 
72376,Automation,11,11,2012-4,13-10-2012, Feature 
72550,Automation,11,2,2012-4,17-10-2012, Feature 
73228,Automation,11,6,2012-4,08-11-2012, Bug 
74443,Automation,11,21,2012-4,17-12-2012, Bug 
78224,Automation,11,9,2013-2,30-04-2013, Bug 
79887,Automation,11,3,2013-2,26-06-2013, Bug 
82188,Automation,11,6,2013-3,25-09-2013, Feature 
24262,Automation,12,2,2010-3,14-09-2010, Feature 
24523,Automation,12,1,2010-3,22-09-2010, Bug 
44872,Automation,12,11,2011-1,08-03-2011, Feature 
68799,Automation,12,14,2012-2,13-06-2012, Feature 
69259,Automation,12,17,2012-2,27-06-2012, Feature 
73564,Automation,12,5,2012-4,07-12-2012, Feature 
74119,Automation,12,2,2012-4,11-12-2012, Feature 
80235,Automation,12,1,2013-3,02-07-2013, Feature 
82106,Automation,12,2,2013-3,23-09-2013, Bug 
83470,Automation,12,15,2013-4,13-11-2013, Bug 
83640,Automation,12,21,2013-4,20-11-2013, Feature 
83697,Automation,12,7,2013-4,21-11-2013, Feature 
84263,Automation,12,1,2013-4,13-12-2013, Feature 
71235,Automation,13,6,2012-4,18-10-2012, Feature 
73584,Automation,13,5,2012-4,22-11-2012, Feature 
76443,Automation,13,18,2013-1,23-02-2013, Feature 
82434,Automation,13,1,2013-4,07-10-2013, Feature 
84260,Automation,13,1,2013-4,13-12-2013, Feature 
38389,Automation,14,15,2011-1,11-01-2011, Feature 
71250,Automation,14,7,2012-3,14-09-2012, Feature 
73227,Automation,14,6,2012-4,08-11-2012, Bug 
73840,Automation,14,8,2012-4,04-12-2012, Feature 
75907,Automation,14,6,2013-1,08-02-2013, Bug 
76730,Automation,14,2,2013-2,03-04-2013, Feature 
73343,Automation,14,1,2013-4,19-10-2013, Feature 
81739,Automation,14,3,2013-3,10-09-2013, Feature 
82837,Automation,14,2,2013-4,23-10-2013, Feature 
47938,Automation,15,8,2011-1,01-03-2011, Feature 
67148,Automation,15,6,2012-2,14-04-2012, Feature 
71306,Automation,15,13,2012-3,15-09-2012, Feature 
73175,Automation,15,12,2012-4,08-11-2012, Feature 
76457,Automation,15,5,2013-1,16-03-2013, Bug 
82819,Automation,15,7,2013-4,23-10-2013, Feature 
83440,Automation,15,2,2013-4,13-11-2013, Feature 
25277,Automation,16,1,2010-4,13-10-2010, Feature 
67242,Automation,16,17,2012-2,17-04-2012, Feature 
69856,Automation,16,8,2012-3,23-07-2012, Feature 
73343,Automation,16,5,2012-4,15-11-2012, Feature 
73468,Automation,16,4,2012-4,19-11-2012, Feature 
74449,Automation,16,10,2012-4,26-12-2012, Bug 
80044,Automation,16,4,2013-2,27-06-2013, Bug 
23353,Automation,17,9,2010-3,07-09-2010, Feature 
64077,Automation,17,3,2012-2,07-04-2012, Feature 
64639,Automation,17,8,2012-1,24-01-2012, Feature 
73399,Automation,17,3,2012-4,16-11-2012, Feature 
73421,Automation,17,2,2012-4,17-11-2012, Bug 
74322,Automation,17,2,2013-1,08-01-2013, Feature 
74435,Automation,17,21,2012-4,17-12-2012, Bug 
77666,Automation,17,10,2013-2,09-04-2013, Feature 
77891,Automation,17,7,2013-2,19-04-2013, Feature 
81427,Automation,17,1,2013-4,19-10-2013, Feature 
41330,Automation,18,1,2011-1,25-01-2011, Feature 
71371,Automation,18,7,2012-3,18-09-2012, Bug 
73589,Automation,18,1,2012-4,23-11-2012, Feature 
75579,Automation,18,2,2013-1,29-01-2013, Bug 
77263,Automation,18,5,2013-1,22-03-2013, Bug 
80487,Automation,18,2,2013-3,10-07-2013, Bug 
82620,Automation,18,1,2013-4,14-10-2013, Bug 
83832,Automation,18,6,2013-4,28-11-2013, Feature 
37299,Automation,19,6,2011-1,04-01-2011, Feature 
60361,Automation,19,3,2011-3,06-09-2011, Feature 
66272,Automation,19,3,2012-1,12-03-2012, Feature 
72929,Automation,19,4,2012-4,30-10-2012, Bug 
73006,Automation,19,1,2012-4,01-11-2012, Bug 
75130,Automation,19,2,2013-1,16-01-2013, Feature 
76910,Automation,19,4,2013-1,08-03-2013, Bug 
60361,Automation,19,1,2013-4,19-10-2013, Feature 
78192,Automation,19,9,2013-2,30-04-2013, Bug 
80973,Automation,19,8,2013-3,05-08-2013, Feature 
82556,Automation,19,1,2013-4,10-10-2013, Bug 
71577,Automation,20,1,2012-3,24-09-2012, Feature 
73100,Automation,20,2,2012-4,07-11-2012, Bug 
75711,Automation,20,4,2013-1,01-02-2013, Feature 
76144,Automation,20,6,2013-1,13-02-2013, Feature 
76908,Automation,20,17,2013-1,08-03-2013, Bug 
80686,Automation,20,6,2013-3,19-07-2013, Feature 
81538,Automation,20,7,2013-3,29-08-2013, Bug 
23495,Automation,21,2,2010-3,07-09-2010, Bug 
71090,Automation,21,5,2012-3,06-09-2012, Feature 
73981,Automation,21,2,2012-4,06-12-2012, Bug 
77464,Automation,21,1,2013-2,02-04-2013, Bug 
84118,Automation,21,1,2013-4,10-12-2013, Bug 
30895,Automation,22,17,2010-4,23-11-2010, Feature 
48021,Automation,22,2,2011-1,02-03-2011, Feature 
55980,Automation,22,4,2011-2,08-04-2011, Feature 
60105,Automation,22,8,2011-3,25-08-2011, Feature 
69836,Automation,22,15,2012-3,20-07-2012, Feature 
72306,Automation,22,6,2012-4,11-10-2012, Feature 
76219,Automation,22,16,2013-1,21-03-2013, Feature 
79111,Automation,22,13,2013-3,27-09-2013, Bug 
80227,Automation,22,2,2013-3,02-07-2013, Bug 
81336,Automation,22,2,2013-3,21-08-2013, Bug 
81484,Automation,22,26,2013-3,28-08-2013, Feature 
77486,Automation,23,3,2013-2,02-04-2013, Feature 
64057,Automation,24,11,2012-1,20-01-2012, Feature 
68943,Automation,24,9,2012-2,18-06-2012, Feature 
74853,Automation,24,6,2013-1,25-01-2013, Bug 
75195,Automation,24,2,2013-1,23-01-2013, Bug 
75654,Automation,24,11,2013-1,01-02-2013, Feature 
77008,Automation,24,2,2013-1,13-03-2013, Feature 
79724,Automation,24,4,2013-2,17-06-2013, Feature 
80312,Automation,24,4,2013-3,04-07-2013, Bug 
80825,Automation,24,2,2013-3,29-07-2013, Feature 
81690,Automation,24,5,2013-3,05-09-2013, Feature 
43278,Automation,25,2,2011-1,07-02-2011, Feature 
71583,Automation,25,1,2012-4,04-12-2012, Feature 
76452,Automation,25,5,2013-1,08-03-2013, Feature 
24321,Automation,26,2,2010-3,20-09-2010, Feature 
68337,Automation,26,8,2012-2,25-05-2012, Feature 
82683,Automation,26,12,2013-4,18-10-2013, Feature 
83183,Automation,26,1,2013-4,06-11-2013, Feature 
68692,Automation,27,7,2012-2,11-06-2012, Feature 
73103,Automation,27,6,2012-4,07-11-2012, Feature 
75341,Automation,27,2,2013-1,21-01-2013, Bug 
76036,Automation,27,2,2013-2,03-04-2013, Feature 
76233,Automation,27,20,2013-1,15-02-2013, Bug 
78483,Automation,27,7,2013-2,08-05-2013, Bug 
80259,Automation,27,3,2013-3,03-07-2013, Feature 
82775,Automation,27,8,2013-4,21-10-2013, Bug 
75424,Automation,28,3,2013-1,22-01-2013, Bug 
81227,Automation,28,3,2013-3,16-08-2013, Feature 
82779,Automation,28,7,2013-4,29-11-2013, Feature 
44828,Automation,29,3,2011-1,01-03-2011, Feature 
71247,Automation,29,8,2012-3,13-09-2012, Feature 
74543,Automation,29,26,2012-4,20-12-2012, Feature 
74550,Automation,29,26,2012-4,20-12-2012, Feature 
84184,Automation,29,2,2013-4,10-12-2013, Bug 
24022,Automation,30,1,2010-3,17-09-2010, Feature 
63688,Automation,30,3,2011-4,21-12-2011, Feature 
74542,Automation,30,26,2012-4,20-12-2012, Feature 
38630,Automation,31,1,2011-1,12-01-2011, Bug 
39988,Automation,31,16,2011-1,20-01-2011, Feature 
59601,Automation,31,25,2011-3,28-07-2011, Feature 
81387,Automation,31,10,2013-3,23-08-2013, Bug 
32365,Automation,32,1,2010-4,06-12-2010, Feature 
63272,Automation,32,5,2011-4,08-12-2011, Feature 
73009,Automation,32,4,2012-4,01-11-2012, Bug 
74883,Automation,32,15,2013-1,08-01-2013, Feature 
80469,Automation,32,1,2013-3,10-07-2013, Feature 
81379,Automation,32,5,2013-3,22-08-2013, Bug 
66746,Automation,33,3,2012-1,21-03-2012, Feature 
73498,Automation,33,2,2012-4,21-11-2012, Feature 
73759,Automation,33,6,2012-4,30-11-2012, Feature 
74909,Automation,33,2,2013-1,08-01-2013, Feature 
76451,Automation,33,5,2013-3,09-08-2013, Feature 
79714,Automation,33,6,2013-2,17-06-2013, Feature 
80375,Automation,33,1,2013-3,08-07-2013, Feature 
82722,Automation,33,4,2013-4,18-10-2013, Feature 
64068,Automation,34,20,2012-1,17-03-2012, Feature 
64597,Automation,34,9,2012-1,23-01-2012, Bug 
82752,Automation,34,9,2013-4,21-10-2013, Feature 
24306,Automation,35,6,2010-3,15-09-2010, Feature 
77046,Automation,35,7,2013-1,14-03-2013, Bug 
77549,Automation,35,3,2013-2,05-04-2013, Bug 
83166,Automation,35,22,2013-4,06-11-2013, Feature 
83788,Automation,35,1,2013-4,26-11-2013, Feature 
41137,Automation,36,20,2011-1,03-02-2011, Feature 
59701,Automation,36,4,2011-3,05-08-2011, Feature 
72708,Automation,36,4,2012-4,23-10-2012, Feature 
72999,Automation,36,1,2012-4,31-10-2012, Bug 
72708,Automation,36,1,2013-4,19-10-2013, Feature 
76378,Automation,36,1,2013-4,19-10-2013, Feature 
24213,Automation,37,1,2010-3,13-09-2010, Feature 
76312,Automation,37,8,2013-1,18-02-2013, Feature 
80176,Automation,37,1,2013-3,01-07-2013, Feature 
82953,Automation,37,3,2013-4,28-10-2013, Bug 
25384,Automation,38,1,2010-4,19-10-2010, Feature 
64049,Automation,38,16,2012-2,23-05-2012, Feature 
67951,Automation,38,7,2012-2,14-05-2012, Feature 
72807,Automation,38,11,2012-4,26-10-2012, Feature 
72807,Automation,38,1,2013-4,19-10-2013, Feature 
78449,Automation,38,3,2013-2,07-05-2013, Feature 
81064,Automation,38,4,2013-3,08-08-2013, Feature 
24375,Automation,39,1,2010-3,16-09-2010, Feature 
72609,Automation,39,3,2012-4,29-10-2012, Feature 
76308,Automation,39,19,2013-1,18-02-2013, Bug 
73466,Automation,40,3,2012-4,19-11-2012, Feature 
74805,Automation,40,5,2013-1,03-01-2013, Feature 
74886,Automation,40,15,2013-1,08-01-2013, Feature 
77779,Automation,40,1,2013-2,21-05-2013, Bug 
76537,Automation,41,8,2013-1,26-02-2013, Bug 
74055,Automation,42,28,2012-4,11-12-2012, Feature 
74120,Automation,42,25,2012-4,11-12-2012, Feature 
51435,Automation,43,22,2011-2,19-04-2011, Feature 
72928,Automation,43,4,2012-4,02-11-2012, Feature 
81572,Automation,43,1,2013-4,19-10-2013, Feature 
23293,Automation,44,2,2010-3,07-09-2010, Feature 
37216,Automation,44,3,2011-1,04-01-2011, Feature 
62266,Automation,44,24,2011-4,08-11-2011, Feature 
71357,Automation,44,7,2012-3,18-09-2012, Feature 
73187,Automation,44,5,2012-4,16-11-2012, Feature 
76453,Automation,44,4,2013-2,05-04-2013, Feature 
73187,Automation,44,1,2013-4,19-10-2013, Feature 
81666,Automation,44,8,2013-3,17-09-2013, Bug 
59085,Automation,45,1,2011-2,29-06-2011, Feature 
64720,Automation,46,14,2012-1,27-01-2012, Feature 
84044,Automation,46,1,2013-4,09-12-2013, Feature 
81563,Automation,47,18,2013-3,30-08-2013, Bug 
83931,Automation,47,3,2013-4,03-12-2013, Feature 
71021,Automation,48,21,2012-3,04-09-2012, Feature 
77173,Automation,48,6,2013-1,20-03-2013, Bug 
77819,Automation,48,2,2013-2,17-04-2013, Feature 
71756,Automation,49,7,2012-4,04-10-2012, Feature 
73730,Automation,49,7,2012-4,28-11-2012, Feature 
79977,Automation,49,4,2013-3,04-07-2013, Feature 
83660,Automation,49,1,2013-4,20-11-2013, Feature 
77531,Automation,50,1,2013-2,04-04-2013, Bug 
77866,Automation,50,6,2013-2,18-04-2013, Feature 
81005,Automation,50,16,2013-3,06-08-2013, Feature 
63757,Automation,51,7,2011-4,27-12-2011, Feature 
72404,Automation,51,8,2012-4,15-10-2012, Feature 
74852,Automation,52,15,2013-1,07-01-2013, Bug 
82880,Automation,52,11,2013-4,24-10-2013, Feature 
24633,Automation,53,2,2010-3,27-09-2010, Feature 
63442,Automation,53,7,2011-4,13-12-2011, Feature 
68813,Automation,53,7,2012-2,20-06-2012, Feature 
75329,Automation,53,9,2013-1,22-01-2013, Feature 
77196,Automation,53,6,2013-1,21-03-2013, Bug 
80152,Automation,53,3,2013-3,02-07-2013, Bug 
59465,Automation,54,4,2011-3,15-07-2011, Feature 
70674,Automation,54,13,2012-3,24-08-2012, Feature 
79967,Automation,54,6,2013-2,25-06-2013, Bug 
81207,Automation,54,11,2013-3,16-08-2013, Feature 
59866,Automation,55,1,2013-1,31-01-2013, Feature 
61109,Automation,55,25,2011-4,07-10-2011, Feature 
65453,Automation,55,16,2012-1,21-02-2012, Feature 
66959,Automation,55,8,2012-1,29-03-2012, Feature 
68046,Automation,55,12,2012-2,19-05-2012, Feature 
72755,Automation,55,3,2013-1,02-03-2013, Feature 
73014,Automation,55,1,2012-4,01-11-2012, Bug 
73871,Automation,55,7,2012-4,04-12-2012, Bug 
61109,Automation,55,1,2013-4,19-10-2013, Feature 
83912,Automation,56,8,2013-4,03-12-2013, Feature 
72927,Automation,57,2,2012-4,30-10-2012, Feature 
60194,Automation,59,1,2011-3,30-08-2011, Feature 
63077,Automation,59,2,2011-4,01-12-2011, Feature 
73485,Automation,59,2,2012-4,20-11-2012, Feature 
75219,Automation,59,1,2013-1,18-01-2013, Feature 
37421,Automation,60,6,2011-1,05-01-2011, Feature 
60181,Automation,60,8,2011-3,30-08-2011, Feature 
33434,Automation,61,6,2010-4,09-12-2010, Feature 
68821,Automation,61,25,2012-2,26-06-2012, Feature 
46515,Automation,62,7,2011-1,22-02-2011, Feature 
58168,Automation,62,5,2011-2,03-06-2011, Feature 
81683,Automation,62,5,2013-3,05-09-2013, Feature 
65847,Automation,63,1,2012-3,13-07-2012, Feature 
83594,Automation,63,17,2013-4,19-11-2013, Feature 
75701,Automation,64,10,2013-1,02-02-2013, Feature 
83607,Automation,64,6,2013-4,20-11-2013, Feature 
84197,Automation,64,2,2013-4,11-12-2013, Feature 
81502,Automation,65,8,2013-3,28-08-2013, Feature 
73645,Automation,66,8,2012-4,26-11-2012, Feature 
77414,Automation,66,5,2013-1,29-03-2013, Feature 
83958,Automation,66,6,2013-4,04-12-2013, Bug 
25889,Automation,67,6,2010-4,28-10-2010, Feature 
81539,Automation,67,6,2013-3,29-08-2013, Feature 
25180,Automation,68,1,2010-4,30-11-2010, Bug 
44718,Automation,68,12,2011-1,11-02-2011, Feature 
82520,Automation,68,1,2013-4,03-12-2013, Feature 
72459,Automation,69,15,2012-4,25-10-2012, Feature 
82247,Automation,69,4,2013-3,27-09-2013, Feature 
75422,Automation,70,1,2013-1,23-01-2013, Bug 
81648,Automation,70,1,2013-3,04-09-2013, Feature 
59580,Automation,71,8,2011-3,27-07-2011, Feature 
60166,Automation,71,4,2011-3,29-08-2011, Feature 
67230,Automation,71,6,2012-2,12-04-2012, Feature 
73084,Automation,71,7,2012-4,06-11-2012, Feature 
75268,Automation,71,7,2013-1,05-02-2013, Feature 
67360,Automation,72,2,2012-2,19-04-2012, Feature 
71002,Automation,72,8,2012-3,03-09-2012, Feature 
81483,Automation,72,19,2013-3,28-08-2013, Feature 
31110,Automation,73,1,2010-4,23-11-2010, Feature 
43284,Automation,73,4,2011-1,04-02-2011, Feature 
51458,Automation,73,3,2011-1,18-03-2011, Feature 
74761,Automation,73,22,2013-1,02-01-2013, Feature 
66884,Automation,74,10,2012-1,27-03-2012, Feature 
76782,Automation,74,5,2013-1,16-03-2013, Feature 
72819,Automation,75,4,2012-4,26-10-2012, Bug 
81963,Automation,75,5,2013-3,18-09-2013, Feature 
84446,Automation,75,1,2013-4,19-12-2013, Feature 
65681,Automation,76,1,2012-1,23-02-2012, Feature 
77594,Automation,76,9,2013-2,08-04-2013, Bug 
73040,Automation,77,3,2012-4,06-11-2012, Feature 
31045,Automation,78,1,2010-4,08-12-2010, Feature 
79780,Automation,78,3,2013-2,18-06-2013, Feature 
81817,Automation,78,4,2013-3,12-09-2013, Feature 
83826,Automation,79,1,2013-4,04-12-2013, Feature 
72970,Automation,80,2,2012-4,31-10-2012, Feature 
76295,Automation,80,16,2013-1,18-02-2013, Feature 
77650,Automation,80,3,2013-2,09-04-2013, Bug 
80874,Automation,80,2,2013-3,31-07-2013, Bug 
46999,Automation,81,4,2011-1,24-02-2011, Feature 
64094,Automation,81,7,2012-1,06-01-2012, Feature 
76244,Automation,81,3,2013-1,16-02-2013, Feature 
83898,Automation,81,1,2013-4,06-12-2013, Feature 
72980,Automation,85,2,2012-4,01-11-2012, Feature 
73155,Automation,85,12,2012-4,07-11-2012, Bug 
80513,Automation,85,1,2013-4,19-10-2013, Feature 
81756,Automation,85,2,2013-3,10-09-2013, Feature 
75118,Automation,86,1,2013-1,14-01-2013, Bug 
75619,Automation,86,1,2013-1,01-02-2013, Feature 
83781,Automation,87,8,2013-4,26-11-2013, Feature 
60910,Automation,88,27,2011-3,22-09-2011, Feature 
75447,Automation,88,6,2013-1,13-02-2013, Feature 
60910,Automation,88,1,2013-4,19-10-2013, Feature 
80178,Automation,88,11,2013-3,04-07-2013, Feature 
66039,Automation,89,21,2012-3,28-07-2012, Feature 
67193,Automation,89,8,2012-2,11-04-2012, Feature 
82847,Automation,89,1,2013-4,25-10-2013, Feature 
71370,Automation,90,6,2012-3,18-09-2012, Bug 
79975,Automation,90,3,2013-2,25-06-2013, Feature 
82133,Automation,90,1,2013-3,23-09-2013, Feature 
77883,Automation,91,1,2013-2,18-04-2013, Bug 
78190,Automation,91,11,2013-2,30-04-2013, Bug 
77816,Automation,92,6,2013-2,17-04-2013, Feature 
79807,Automation,92,4,2013-2,19-06-2013, Feature 
83354,Automation,92,14,2013-4,11-11-2013, Feature 
83501,Automation,92,1,2013-4,14-11-2013, Feature 
73899,Automation,93,1,2012-4,04-12-2012, Feature 
78385,Automation,93,8,2013-2,06-05-2013, Feature 
67913,Automation,94,6,2012-2,16-05-2012, Feature 
74271,Automation,96,25,2013-1,25-01-2013, Feature 
31047,Automation,98,23,2011-1,31-01-2011, Feature 
76814,Automation,98,15,2013-1,06-03-2013, Feature 
78530,Automation,98,5,2013-2,09-05-2013, Feature 
24424,Automation,100,18,2012-3,30-07-2012, Feature 
71198,Automation,100,13,2012-3,12-09-2012, Feature 
72580,Automation,100,2,2012-4,18-10-2012, Feature 
75288,Automation,100,3,2013-1,18-01-2013, Feature 
77975,Automation,100,8,2013-2,22-04-2013, Feature 
74936,Automation,101,6,2013-1,09-01-2013, Bug 
82271,Automation,103,1,2013-3,30-09-2013, Feature 
70810,Automation,105,5,2012-3,30-08-2012, Feature 
75353,Automation,105,13,2013-1,30-01-2013, Bug 
75404,Automation,105,8,2013-1,23-01-2013, Bug 
75813,Automation,105,2,2013-1,06-02-2013, Bug 
84478,Automation,105,4,2013-4,20-12-2013, Feature 
28600,Automation,106,20,2010-4,12-11-2010, Feature 
71698,Automation,106,12,2012-3,29-09-2012, Feature 
59765,Automation,107,21,2011-3,09-08-2011, Feature 
43864,Automation,108,1,2011-1,07-02-2011, Feature 
73362,Automation,108,1,2012-4,15-11-2012, Bug 
81392,Automation,108,1,2013-3,23-08-2013, Bug 
81949,Automation,108,5,2013-3,18-09-2013, Feature 
73306,Automation,110,2,2012-4,15-11-2012, Feature 
77526,Automation,110,2,2013-2,04-04-2013, Feature 
77535,Automation,110,7,2013-2,04-04-2013, Bug 
64864,Automation,111,15,2012-1,01-02-2012, Feature 
76442,Automation,111,3,2013-1,18-03-2013, Feature 
78629,Automation,113,2,2013-2,13-05-2013, Bug 
37286,Automation,114,2,2011-1,05-01-2011, Feature 
71426,Automation,114,6,2012-3,19-09-2012, Bug 
81871,Automation,115,2,2013-3,16-09-2013, Feature 
83152,Automation,116,1,2013-4,05-11-2013, Feature 
29715,Automation,117,3,2010-4,23-11-2010, Feature 
80284,Automation,117,19,2013-3,15-08-2013, Feature 
24533,Automation,119,1,2010-3,21-09-2010, Bug 
77191,Automation,120,2,2013-1,21-03-2013, Bug 
77454,Automation,120,2,2013-2,02-04-2013, Feature 
81729,Automation,120,1,2013-3,09-09-2013, Feature 
24051,Automation,121,3,2010-3,14-09-2010, Feature 
42796,Automation,121,1,2011-1,02-02-2011, Feature 
77190,Automation,121,2,2013-1,21-03-2013, Bug 
74249,Automation,123,27,2012-4,11-12-2012, Feature 
82150,Automation,123,21,2013-3,24-09-2013, Feature 
66886,Automation,124,9,2012-1,28-03-2012, Feature 
79231,Automation,125,8,2013-2,31-05-2013, Feature 
64470,Automation,126,11,2012-1,20-01-2012, Feature 
68336,Automation,127,8,2012-2,25-05-2012, Feature 
78373,Automation,128,1,2013-2,05-05-2013, Bug 
78374,Automation,128,1,2013-2,05-05-2013, Feature 
80951,Automation,128,4,2013-3,02-08-2013, Bug 
72701,Automation,129,1,2012-4,23-10-2012, Feature 
72701,Automation,129,1,2013-4,19-10-2013, Feature 
84115,Automation,130,1,2013-4,10-12-2013, Feature 
52132,Automation,132,21,2011-1,21-03-2011, Feature 
77818,Automation,132,3,2013-2,17-04-2013, Feature 
80456,Automation,132,1,2013-3,09-07-2013, Feature 
74814,Automation,133,5,2013-1,04-01-2013, Feature 
77462,Automation,133,1,2013-2,02-04-2013, Feature 
77964,Automation,133,8,2013-2,22-04-2013, Feature 
74535,Automation,134,16,2012-4,20-12-2012, Feature 
76853,Automation,134,19,2013-1,08-03-2013, Feature 
73787,Automation,137,5,2012-4,30-11-2012, Feature 
57746,Automation,140,2,2011-2,23-05-2011, Feature 
83273,Automation,140,5,2013-4,20-11-2013, Bug 
80968,Automation,141,8,2013-3,05-08-2013, Bug 
71494,Automation,144,11,2012-4,10-11-2012, Feature 
83681,Automation,144,23,2013-4,21-11-2013, Feature 
83167,Automation,145,17,2013-4,06-11-2013, Bug 
73499,Automation,146,3,2012-4,21-11-2012, Feature 
64041,Automation,147,12,2012-1,19-01-2012, Feature 
76926,Automation,147,5,2013-1,11-03-2013, Bug 
79825,Automation,147,4,2013-2,19-06-2013, Bug 
81675,Automation,149,1,2013-3,04-09-2013, Bug 
81231,Automation,151,12,2013-4,19-10-2013, Feature 
77109,Automation,152,11,2013-1,26-03-2013, Feature 
75356,Automation,153,4,2013-1,22-01-2013, Feature 
59994,Automation,154,10,2011-3,24-08-2011, Feature 
67782,Automation,154,13,2012-2,08-05-2012, Feature 
79733,Automation,154,17,2013-3,12-08-2013, Feature 
59995,Automation,155,11,2011-3,23-08-2011, Feature 
83281,Automation,156,9,2013-4,18-11-2013, Bug 
28517,Automation,157,3,2010-4,09-11-2010, Feature 
77921,Automation,157,5,2013-2,19-04-2013, Feature 
67068,Automation,159,8,2012-2,17-05-2012, Feature 
60541,Automation,160,4,2011-3,12-09-2011, Feature 
66893,Automation,160,9,2012-1,27-03-2012, Feature 
67942,Automation,160,10,2012-2,14-05-2012, Feature 
75129,Automation,160,3,2013-1,15-01-2013, Feature 
80488,Automation,160,2,2013-3,11-07-2013, Feature 
25060,Automation,161,1,2010-4,07-10-2010, Feature 
81565,Automation,161,1,2013-4,19-10-2013, Feature 
69476,Automation,162,13,2012-3,04-07-2012, Feature 
75199,Automation,162,5,2013-1,17-01-2013, Feature 
83680,Automation,162,12,2013-4,22-11-2013, Feature 
25335,Automation,164,28,2010-4,14-10-2010, Feature 
73611,Automation,166,6,2012-4,23-11-2012, Feature 
58814,Automation,167,3,2011-2,29-06-2011, Feature 
78349,Automation,167,24,2013-2,03-05-2013, Feature 
74121,Automation,168,1,2012-4,11-12-2012, Feature 
76826,Automation,168,9,2013-1,06-03-2013, Feature 
81218,Automation,168,5,2013-3,16-08-2013, Feature 
25065,Automation,171,4,2010-4,08-10-2010, Feature 
64044,Automation,172,12,2012-1,19-01-2012, Feature 
79576,Automation,172,6,2013-2,11-06-2013, Feature 
80373,Automation,174,3,2013-3,08-07-2013, Feature 
81731,Automation,174,17,2013-3,09-09-2013, Feature 
83452,Automation,174,1,2013-4,13-11-2013, Feature 
71425,Automation,177,5,2012-3,20-09-2012, Feature 
73433,Automation,177,5,2012-4,07-12-2012, Feature 
79026,Automation,177,2,2013-2,27-05-2013, Feature 
60415,Automation,178,8,2011-3,07-09-2011, Feature 
69851,Automation,178,10,2012-3,23-07-2012, Feature 
56958,Automation,180,22,2011-2,19-04-2011, Feature 
43281,Automation,181,5,2011-1,07-02-2011, Feature 
78227,Automation,181,3,2013-2,30-04-2013, Feature 
84013,Automation,181,1,2013-4,05-12-2013, Feature 
80355,Automation,182,7,2013-3,05-07-2013, Feature 
83713,Automation,182,1,2013-4,28-11-2013, Feature 
62457,Automation,184,10,2011-4,14-11-2011, Feature 
80481,Automation,184,1,2013-3,10-07-2013, Feature 
82487,Automation,185,7,2013-4,08-10-2013, Feature 
83831,Automation,186,7,2013-4,28-11-2013, Bug 
83890,Automation,186,2,2013-4,02-12-2013, Feature 
71248,Automation,188,8,2012-3,13-09-2012, Feature 
73341,Automation,188,13,2012-4,15-11-2012, Feature 
82576,Automation,188,4,2013-4,11-10-2013, Feature 
83871,Automation,191,6,2013-4,29-11-2013, Feature 
76004,Automation,193,7,2013-1,12-02-2013, Feature 
74364,Automation,194,8,2013-1,30-01-2013, Feature 
78149,Automation,194,4,2013-2,29-04-2013, Feature 
69960,Automation,195,24,2012-3,30-07-2012, Feature 
69960,Automation,195,1,2013-4,19-10-2013, Feature 
81595,Automation,197,19,2013-3,02-09-2013, Feature 
80517,Automation,198,4,2013-3,11-07-2013, Feature 
83608,Automation,199,17,2013-4,20-11-2013, Feature 
58416,Automation,202,3,2011-2,14-06-2011, Feature 
75931,Automation,202,7,2013-1,12-02-2013, Feature 
81363,Automation,202,1,2013-4,19-10-2013, Feature 
52956,Automation,203,17,2011-2,11-04-2011, Feature 
84001,Automation,203,1,2013-4,06-12-2013, Feature 
58267,Automation,207,3,2011-2,08-06-2011, Feature 
61431,Automation,207,11,2012-2,11-05-2012, Feature 
83137,Automation,207,15,2013-4,11-11-2013, Feature 
64315,Automation,208,2,2012-1,16-01-2012, Feature 
74414,Automation,208,7,2012-4,28-12-2012, Feature 
72844,Automation,209,1,2012-4,29-10-2012, Feature 
76964,Automation,209,7,2013-1,12-03-2013, Feature 
59765,Automation,209,1,2013-4,19-10-2013, Feature 
78964,Automation,209,6,2013-2,24-05-2013, Bug 
67075,Automation,212,15,2012-2,03-04-2012, Feature 
57271,Automation,213,11,2011-2,09-05-2011, Feature 
83659,Automation,213,6,2013-4,20-11-2013, Feature 
24716,Automation,214,1,2010-3,28-09-2010, Feature 
64037,Automation,216,15,2012-1,16-01-2012, Feature 
73795,Automation,216,8,2012-4,03-12-2012, Feature 
73079,Automation,217,6,2012-4,14-11-2012, Bug 
80485,Automation,217,5,2013-3,10-07-2013, Feature 
71644,Automation,219,27,2013-1,17-01-2013, Feature 
73595,Automation,219,5,2012-4,23-11-2012, Feature 
79951,Automation,219,1,2013-2,24-06-2013, Feature 
73590,Automation,220,12,2012-4,23-11-2012, Feature 
75666,Automation,221,8,2013-1,06-02-2013, Feature 
81604,Automation,221,7,2013-3,03-09-2013, Feature 
25063,Automation,222,1,2010-4,30-11-2010, Feature 
70836,Automation,223,8,2012-3,29-08-2012, Feature 
80005,Automation,223,7,2013-2,25-06-2013, Feature 
67606,Automation,225,8,2012-2,02-05-2012, Feature 
73650,Automation,227,7,2012-4,26-11-2012, Feature 
77050,Automation,227,1,2013-1,15-03-2013, Feature 
83570,Automation,227,5,2013-4,20-11-2013, Feature 
73751,Automation,228,1,2013-1,22-01-2013, Bug 
76294,Automation,228,8,2013-1,18-02-2013, Bug 
76372,Automation,228,3,2013-1,12-03-2013, Feature 
83046,Automation,229,5,2013-4,30-10-2013, Feature 
72515,Automation,235,1,2013-1,07-01-2013, Feature 
73839,Automation,235,8,2012-4,04-12-2012, Feature 
74059,Automation,235,4,2012-4,07-12-2012, Feature 
26957,Automation,236,13,2010-4,28-12-2010, Feature 
68343,Automation,240,12,2012-2,25-05-2012, Feature 
59993,Automation,241,11,2011-3,23-08-2011, Feature 
74943,Automation,241,1,2013-4,19-10-2013, Feature 
79571,Automation,243,10,2013-2,11-06-2013, Feature 
80809,Automation,243,4,2013-3,26-07-2013, Feature 
73996,Automation,244,8,2012-4,06-12-2012, Feature 
68941,Automation,245,9,2012-2,18-06-2012, Feature 
66942,Automation,246,8,2012-1,28-03-2012, Feature 
67379,Automation,246,5,2012-2,19-04-2012, Feature 
81907,Automation,247,1,2013-3,17-09-2013, Feature 
30150,Automation,249,7,2010-4,17-11-2010, Feature 
79907,Automation,250,8,2013-2,24-06-2013, Feature 
23458,Automation,252,3,2010-4,20-10-2010, Feature 
68918,Automation,254,1,2012-4,30-10-2012, Feature 
69991,Automation,257,22,2012-3,02-08-2012, Feature 
73843,Automation,262,2,2012-4,03-12-2012, Feature 
56830,Automation,265,10,2011-2,12-04-2011, Feature 
63620,Automation,266,25,2011-4,19-12-2011, Feature 
79805,Automation,266,2,2013-2,19-06-2013, Bug 
82453,Automation,267,2,2013-4,07-10-2013, Bug 
24344,Automation,269,1,2010-3,21-09-2010, Feature 
68861,Automation,269,1,2012-2,26-06-2012, Feature 
71704,Automation,269,8,2012-4,16-10-2012, Feature 
63404,Automation,271,7,2011-4,12-12-2011, Feature 
64058,Automation,272,11,2012-1,20-01-2012, Feature 
81603,Automation,272,4,2013-3,02-09-2013, Bug 
79985,Automation,275,7,2013-2,25-06-2013, Feature 
80949,Automation,275,12,2013-3,05-08-2013, Feature 
74630,Automation,278,1,2012-4,26-12-2012, Feature 
78679,Automation,278,6,2013-2,14-05-2013, Bug 
50000,Automation,279,18,2011-1,11-03-2011, Feature 
72610,Automation,280,10,2012-4,19-10-2012, Feature 
71074,Automation,283,7,2012-3,05-09-2012, Feature 
71236,Automation,283,7,2012-3,12-09-2012, Feature 
80349,Automation,285,3,2013-3,05-07-2013, Feature 
83704,Automation,287,1,2013-4,21-11-2013, Feature 
62957,Automation,288,10,2011-4,28-11-2011, Feature 
82648,Automation,288,1,2013-4,16-10-2013, Feature 
79653,Automation,289,8,2013-3,02-07-2013, Bug 
77185,Automation,291,9,2013-1,27-03-2013, Feature 
79943,Automation,291,1,2013-2,24-06-2013, Feature 
71246,Automation,297,2,2012-3,12-09-2012, Feature 
59950,Automation,301,12,2011-3,22-08-2011, Feature 
73095,Automation,303,3,2012-4,07-11-2012, Feature 
81852,Automation,303,11,2013-3,13-09-2013, Feature 
77638,Automation,305,4,2013-2,09-04-2013, Feature 
77735,Automation,305,7,2013-2,12-04-2013, Bug 
81621,Automation,305,8,2013-3,03-09-2013, Feature 
82503,Automation,306,7,2013-4,08-10-2013, Bug 
34300,Automation,308,8,2010-4,15-12-2010, Feature 
75912,Automation,308,11,2013-1,07-02-2013, Feature 
79979,Automation,308,2,2013-2,25-06-2013, Feature 
82566,Automation,310,8,2013-4,10-10-2013, Bug 
79964,Automation,311,1,2013-2,24-06-2013, Feature 
74736,Automation,313,11,2013-1,04-01-2013, Feature 
74860,Automation,314,4,2013-1,07-01-2013, Feature 
68094,Automation,317,3,2012-2,21-05-2012, Feature 
64052,Automation,320,2,2012-3,02-08-2012, Feature 
60490,Automation,321,13,2011-3,09-09-2011, Feature 
60182,Automation,322,8,2011-3,30-08-2011, Feature 
63266,Automation,322,18,2012-1,02-01-2012, Feature 
64059,Automation,322,8,2012-1,23-01-2012, Feature 
39950,Automation,326,7,2011-1,18-01-2011, Feature 
73096,Automation,327,3,2012-4,06-11-2012, Feature 
75467,Automation,330,3,2013-1,01-02-2013, Bug 
74059,Automation,331,1,2013-4,19-10-2013, Feature 
79741,Automation,336,9,2013-3,15-08-2013, Feature 
67843,Automation,339,7,2012-2,09-05-2012, Feature 
81420,Automation,341,22,2013-3,26-08-2013, Bug 
83561,Automation,342,12,2013-4,18-11-2013, Feature 
83962,Automation,345,16,2013-4,04-12-2013, Feature 
83565,Automation,349,17,2013-4,18-11-2013, Feature 
76131,Automation,350,3,2013-1,16-02-2013, Bug 
61738,Automation,352,24,2011-4,31-10-2011, Feature 
80296,Automation,352,25,2013-3,11-07-2013, Bug 
75665,Automation,354,10,2013-1,06-02-2013, Feature 
75708,Automation,356,4,2013-1,01-02-2013, Feature 
66855,Automation,360,2,2012-1,26-03-2012, Feature 
77390,Automation,361,20,2013-1,28-03-2013, Bug 
78452,Automation,361,6,2013-2,07-05-2013, Bug 
73077,Automation,362,8,2012-4,05-11-2012, Feature 
75184,Automation,363,2,2013-1,16-01-2013, Feature 
69688,Automation,364,14,2012-3,20-07-2012, Feature 
81194,Automation,367,1,2013-4,19-10-2013, Feature 
72674,Automation,370,10,2013-1,08-01-2013, Feature 
44117,Automation,372,14,2011-1,09-02-2011, Feature 
62418,Automation,372,9,2011-4,15-11-2011, Feature 
80306,Automation,372,28,2013-3,28-08-2013, Feature 
76716,Automation,374,11,2013-1,04-03-2013, Bug 
72725,Automation,375,7,2013-1,11-01-2013, Feature 
82457,Automation,379,2,2013-4,07-10-2013, Bug 
74809,Automation,383,7,2013-1,05-02-2013, Feature 
70674,Automation,383,1,2013-4,19-10-2013, Feature 
72865,Automation,387,8,2012-4,02-11-2012, Feature 
59703,Automation,394,18,2011-3,08-08-2011, Feature 
71988,Automation,395,6,2012-4,04-10-2012, Feature 
67008,Automation,396,12,2012-1,30-03-2012, Feature 
77376,Automation,401,7,2013-1,27-03-2013, Feature 
79327,Automation,409,2,2013-2,04-06-2013, Feature 
81863,Automation,409,12,2013-3,27-09-2013, Bug 
59618,Automation,411,22,2011-3,01-08-2011, Feature 
37671,Automation,414,28,2011-1,06-01-2011, Feature 
71708,Automation,416,12,2012-4,12-10-2012, Feature 
57866,Automation,419,28,2011-2,25-05-2011, Feature 
63254,Automation,420,2,2011-4,07-12-2011, Feature 
32686,Automation,421,8,2010-4,03-12-2010, Feature 
82465,Automation,424,8,2013-4,07-10-2013, Bug 
29937,Automation,432,8,2010-4,16-11-2010, Feature 
59617,Automation,433,24,2011-3,29-07-2011, Feature 
74447,Automation,434,9,2012-4,18-12-2012, Feature 
79723,Automation,436,6,2013-2,17-06-2013, Bug 
84271,Automation,439,11,2013-4,13-12-2013, Feature 
83266,Automation,440,7,2013-4,08-11-2013, Feature 
25953,Automation,441,22,2010-4,02-11-2010, Feature 
73754,Automation,441,28,2012-4,11-12-2012, Bug 
75864,Automation,441,6,2013-1,09-02-2013, Bug 
24627,Automation,445,1,2010-3,23-09-2010, Feature 
73672,Automation,447,11,2012-4,11-12-2012, Feature 
83968,Automation,449,1,2013-4,04-12-2013, Feature 
25300,Automation,454,1,2010-4,25-10-2010, Feature 
79859,Automation,454,7,2013-3,23-08-2013, Feature 
69223,Automation,459,4,2012-2,26-06-2012, Feature 
75231,Automation,459,13,2013-1,17-01-2013, Feature 
80365,Automation,462,7,2013-3,08-07-2013, Feature 
82939,Automation,467,9,2013-4,28-10-2013, Bug 
71898,Automation,470,8,2013-1,25-01-2013, Feature 
84006,Automation,470,25,2013-4,05-12-2013, Feature 
73896,Automation,471,4,2012-4,04-12-2012, Feature 
73904,Automation,471,4,2012-4,04-12-2012, Feature 
58531,Automation,472,6,2011-2,16-06-2011, Feature 
63654,Automation,474,8,2011-4,20-12-2011, Feature 
72479,Automation,476,9,2012-4,17-10-2012, Feature 
76212,Automation,476,4,2013-1,15-02-2013, Feature 
24708,Automation,477,2,2010-3,27-09-2010, Feature 
73873,Automation,477,6,2012-4,04-12-2012, Feature 
66228,Automation,480,10,2012-1,12-03-2012, Feature 
77011,Automation,483,7,2013-1,13-03-2013, Feature 
83907,Automation,483,15,2013-4,04-12-2013, Feature 
76891,Automation,486,1,2013-1,13-03-2013, Feature 
24017,Automation,488,11,2012-3,14-09-2012, Feature 
59522,Automation,491,15,2011-3,25-07-2011, Feature 
72254,Automation,494,6,2012-4,10-10-2012, Feature 
74760,Automation,496,2,2013-1,16-01-2013, Feature 
73312,Automation,497,7,2012-4,14-11-2012, Feature 
79737,Automation,501,1,2013-2,18-06-2013, Feature 
80225,Automation,503,2,2013-3,02-07-2013, Bug 
83005,Automation,503,7,2013-4,29-10-2013, Feature 
77749,Automation,511,5,2013-2,12-04-2013, Bug 
62959,Automation,515,6,2011-4,02-12-2011, Feature 
78557,Automation,515,5,2013-2,10-05-2013, Feature 
79732,Automation,515,1,2013-2,18-06-2013, Feature 
83044,Automation,516,7,2013-4,30-10-2013, Bug 
79561,Automation,521,4,2013-2,11-06-2013, Feature 
83895,Automation,522,1,2013-4,03-12-2013, Feature 
35167,Automation,523,1,2010-4,22-12-2010, Feature 
80007,Automation,523,3,2013-2,25-06-2013, Feature 
58303,Automation,524,4,2011-2,21-06-2011, Feature 
71764,Automation,524,14,2012-4,15-11-2012, Feature 
68319,Automation,525,13,2012-2,24-05-2012, Feature 
24823,Automation,526,2,2010-3,29-09-2010, Feature 
55235,Automation,530,13,2011-2,05-04-2011, Feature 
68612,Automation,533,12,2012-2,07-06-2012, Feature 
83759,Automation,536,1,2013-4,25-11-2013, Feature 
67747,Automation,545,7,2012-2,04-05-2012, Feature 
76137,Automation,548,2,2013-1,13-02-2013, Feature 
25545,Automation,551,1,2010-4,22-10-2010, Feature 
67406,Automation,551,4,2012-2,19-04-2012, Feature 
78032,Automation,555,7,2013-2,24-04-2013, Feature 
82808,Automation,556,8,2013-4,22-10-2013, Feature 
62299,Automation,559,24,2011-4,08-11-2011, Feature 
58946,Automation,560,7,2012-4,29-11-2012, Feature 
82156,Automation,562,24,2013-3,24-09-2013, Feature 
76132,Automation,563,6,2013-1,13-02-2013, Bug 
59555,Automation,564,5,2011-3,25-07-2011, Feature 
66095,Automation,566,4,2012-2,14-04-2012, Feature 
68991,Automation,566,8,2012-2,19-06-2012, Feature 
75285,Automation,566,7,2013-1,06-02-2013, Feature 
82749,Automation,568,4,2013-4,21-10-2013, Feature 
81202,Automation,574,5,2013-3,15-08-2013, Bug 
83185,Automation,574,4,2013-4,08-11-2013, Feature 
67687,Automation,578,11,2012-2,16-06-2012, Feature 
74842,Automation,581,16,2013-1,07-01-2013, Feature 
73470,Automation,582,8,2012-4,20-11-2012, Feature 
73790,Automation,589,8,2012-4,03-12-2012, Feature 
78030,Automation,592,7,2013-2,24-04-2013, Feature 
79682,Automation,593,7,2013-2,14-06-2013, Feature 
61547,Automation,596,14,2011-4,17-10-2011, Feature 
73717,Automation,598,3,2013-1,02-03-2013, Feature 
79009,Automation,611,12,2013-2,27-05-2013, Feature 
80934,Automation,614,13,2013-3,01-08-2013, Feature 
73018,Automation,615,1,2012-4,02-11-2012, Feature 
58532,Automation,623,1,2011-2,22-06-2011, Feature 
80475,Automation,623,8,2013-3,10-07-2013, Feature 
83600,Automation,623,22,2013-4,19-11-2013, Feature 
75179,Automation,624,1,2013-1,16-01-2013, Feature 
59766,Automation,630,25,2011-3,09-08-2011, Feature 
68359,Automation,634,9,2012-4,01-10-2012, Feature 
69256,Automation,637,9,2012-2,27-06-2012, Feature 
73910,Automation,639,14,2012-4,19-12-2012, Feature 
81057,Automation,641,18,2013-3,08-08-2013, Feature 
80510,Automation,642,4,2013-3,11-07-2013, Feature 
73836,Automation,647,8,2012-4,06-12-2012, Feature 
67404,Automation,649,15,2012-2,19-04-2012, Feature 
57612,Automation,654,1,2011-2,20-05-2011, Feature 
83164,Automation,654,1,2013-4,05-11-2013, Feature 
72023,Automation,655,12,2012-4,05-10-2012, Feature 
74446,Automation,658,18,2012-4,18-12-2012, Bug 
58931,Automation,665,6,2011-2,24-06-2011, Feature 
75597,Automation,666,2,2013-1,29-01-2013, Feature 
81748,Automation,671,1,2013-4,19-10-2013, Feature 
73642,Automation,673,2,2012-4,26-11-2012, Feature 
75029,Automation,674,4,2013-1,11-01-2013, Bug 
79391,Automation,677,6,2013-2,05-06-2013, Feature 
71127,Automation,689,17,2012-3,17-09-2012, Feature 
78330,Automation,690,19,2013-2,02-05-2013, Feature 
77574,Automation,691,11,2013-2,05-04-2013, Feature 
68855,Automation,692,5,2012-2,14-06-2012, Feature 
79746,Automation,694,15,2013-2,21-06-2013, Bug 
66707,Automation,698,9,2012-1,22-03-2012, Feature 
68308,Automation,710,26,2012-2,24-05-2012, Feature 
65853,Automation,720,14,2012-1,02-03-2012, Feature 
76788,Automation,722,2,2013-1,05-03-2013, Feature 
79621,Automation,727,13,2013-2,12-06-2013, Feature 
80754,Automation,739,3,2013-3,23-07-2013, Feature 
65957,Automation,748,10,2012-1,06-03-2012, Feature 
81589,Automation,754,13,2013-3,04-09-2013, Feature 
73910,Automation,757,1,2013-4,19-10-2013, Feature 
77365,Automation,761,9,2013-1,26-03-2013, Feature 
83811,Automation,761,1,2013-4,27-11-2013, Feature 
73707,Automation,763,14,2012-4,27-11-2012, Feature 
78965,Automation,766,14,2013-2,24-05-2013, Feature 
84033,Automation,767,1,2013-4,09-12-2013, Feature 
68371,Automation,769,11,2012-2,29-05-2012, Feature 
72324,Automation,771,14,2012-4,11-10-2012, Feature 
82378,Automation,781,21,2013-4,29-11-2013, Feature 
63273,Automation,787,14,2011-4,08-12-2011, Feature 
31368,Automation,788,5,2010-4,25-11-2010, Feature 
73841,Automation,798,7,2013-1,04-02-2013, Feature 
24652,Automation,812,5,2010-3,24-09-2010, Feature 
63956,Automation,823,15,2012-1,04-01-2012, Feature 
73954,Automation,824,9,2012-4,26-12-2012, Feature 
77832,Automation,827,7,2013-2,17-04-2013, Feature 
81738,Automation,827,8,2013-3,10-09-2013, Feature 
81820,Automation,836,6,2013-3,12-09-2013, Feature 
74603,Automation,837,8,2012-4,21-12-2012, Feature 
76608,Automation,845,4,2013-1,28-02-2013, Bug 
70352,Automation,852,7,2012-3,17-08-2012, Feature 
80913,Automation,852,1,2013-4,19-10-2013, Feature 
65286,Automation,868,17,2012-1,14-02-2012, Feature 
25317,Automation,869,7,2010-4,14-10-2010, Feature 
67671,Automation,877,1,2013-4,19-10-2013, Feature 
67671,Automation,879,13,2012-2,03-05-2012, Feature 
34617,Automation,880,14,2011-1,08-02-2011, Feature 
79651,Automation,884,9,2013-2,13-06-2013, Feature 
80683,Automation,884,6,2013-3,19-07-2013, Feature 
72573,Automation,886,8,2012-4,28-11-2012, Feature 
84091,Automation,887,1,2013-4,09-12-2013, Feature 
67037,Automation,899,11,2012-2,02-04-2012, Feature 
38621,Automation,901,20,2011-1,13-01-2011, Feature 
73689,Automation,901,12,2012-4,30-11-2012, Feature 
27338,Automation,914,8,2010-4,03-11-2010, Feature 
77740,Automation,918,7,2013-2,12-04-2013, Feature 
75008,Automation,928,6,2013-1,12-01-2013, Feature 
77409,Automation,934,7,2013-1,30-03-2013, Bug 
73790,Automation,934,1,2013-4,19-10-2013, Feature 
28601,Automation,935,28,2010-4,12-11-2010, Feature 
76801,Automation,937,6,2013-1,09-03-2013, Feature 
74871,Automation,947,7,2013-2,02-04-2013, Bug 
78031,Automation,949,18,2013-2,29-04-2013, Feature 
60059,Automation,952,10,2011-3,24-08-2011, Feature 
80826,Automation,960,7,2013-3,29-07-2013, Feature 
69056,Automation,965,7,2012-2,20-06-2012, Feature 
80207,Automation,988,3,2013-3,02-07-2013, Feature 
83047,Automation,990,1,2013-4,07-11-2013, Feature 
82369,Automation,994,1,2013-4,03-10-2013, Feature 
62458,Automation,1002,18,2011-4,14-11-2011, Feature 
80104,Automation,1002,13,2013-2,28-06-2013, Feature 
73580,Automation,1003,11,2012-4,22-11-2012, Feature 
68045,Automation,1018,14,2012-2,19-05-2012, Feature 
73707,Automation,1023,1,2013-4,19-10-2013, Feature 
25175,Automation,1030,1,2010-4,26-10-2010, Feature 
79982,Automation,1054,20,2013-2,25-06-2013, Feature 
79841,Automation,1060,6,2013-2,20-06-2013, Feature 
83676,Automation,1060,2,2013-4,25-11-2013, Feature 
77042,Automation,1064,19,2013-1,21-03-2013, Feature 
81230,Automation,1068,20,2013-3,21-08-2013, Feature 
32121,Automation,1078,2,2010-4,30-11-2010, Feature 
74002,Automation,1086,7,2012-4,10-12-2012, Feature 
76515,Automation,1095,17,2013-1,26-02-2013, Bug 
46973,Automation,1112,26,2011-1,24-02-2011, Feature 
24363,Automation,1122,20,2010-3,16-09-2010, Feature 
78378,Automation,1126,8,2013-2,07-05-2013, Feature 
82872,Automation,1127,1,2013-4,24-10-2013, Bug 
82948,Automation,1139,1,2013-4,11-11-2013, Feature 
71705,Automation,1144,8,2012-4,16-10-2012, Feature 
82258,Automation,1164,4,2013-3,27-09-2013, Feature 
71571,Automation,1166,5,2013-1,03-01-2013, Feature 
77741,Automation,1174,7,2013-2,12-04-2013, Feature 
64469,Automation,1181,1,2012-3,10-07-2012, Feature 
57402,Automation,1187,6,2011-2,11-05-2011, Feature 
64225,Automation,1191,1,2012-1,11-01-2012, Feature 
68439,Automation,1197,1,2012-2,26-06-2012, Feature 
82739,Automation,1199,12,2013-4,19-10-2013, Feature 
64497,Automation,1206,28,2012-1,19-01-2012, Feature 
71446,Automation,1207,6,2012-3,19-09-2012, Feature 
74881,Automation,1210,28,2013-1,20-03-2013, Bug 
71231,Automation,1225,9,2012-3,18-09-2012, Feature 
66882,Automation,1234,1,2012-1,27-03-2012, Feature 
